run_id,strategy_id,strategy_name,start,end,days,total_return,annualized,max_drawdown,sharpe,trade_count,final_equity,benchmark_return,artifact,data_size,sha256,verdict
run-20260806-065221,small_cap_low_turnover,小盘低换手横截面(规模+流动性异象),2007-01-04,2026-07-21,4749,1191.76,14.54,66.56,0.65,1368,12917647.57,129.27,data/backtest/run-20260806-065221.json.gz,1083010,6dced0ded0886e8de7cc97ca66ca90a2e964a107836936321a85ea114494bdc9,
run-20260806-070228,low_beta_dividend,低贝塔红利横截面(防御+收入),2007-01-04,2026-07-21,4749,719.19,11.81,55.02,0.62,1304,8191873.19,129.27,data/backtest/run-20260806-070228.json.gz,779938,289f27b07cee1a307dd4940057dfe844d8a83e4638261463af719de42c9060e0,
run-20260806-071451,graham_defensive_value,格雷厄姆防御价值横截面(PE+PB+股息复合),2007-01-04,2026-07-21,4749,725.49,11.85,68.65,0.57,1995,8254911.51,129.27,data/backtest/run-20260806-071451.json.gz,980564,78f636dcf2228d0abfc5595e76153b04dc6baa9ed5dd116f951db22b16d7625f,
run-20260806-072621,anti_lottery_defensive,反彩票防御横截面(规避MAX+低波+低估),2007-01-04,2026-07-21,4749,639.0,11.2,63.47,0.56,3332,7390043.61,129.27,data/backtest/run-20260806-072621.json.gz,1250510,4c82c09e7429bd1179d63d06a85d01453294f2351a26e31b8b7f8d3da5c29db7,
run-20260806-073935,smart_beta_multi_factor,智能贝塔多因子横截面(分散因子暴露),2007-01-04,2026-07-21,4749,710.68,11.74,59.57,0.56,1970,8106811.26,129.27,data/backtest/run-20260806-073935.json.gz,1316101,2c3daf6d9b7979da34d87e7eb62a5f7f435e6389286e70e5cb19e2aaec37c0ea,
run-20260806-122744,low_beta_dividend,低贝塔红利横截面(防御+收入),2022-02-18,2026-08-04,1082,,,,,0,1000000.0,-1.08,data/backtest/run-20260806-122744.json.gz,10439,166a6bfed25eeda930e04d1fac5ca5630e346986e8a832aedc2be84d9667c5b4,
run-20260806-122846,low_beta_dividend,低贝塔红利横截面(防御+收入),2022-02-18,2026-08-04,1082,99.04,17.39,16.66,1.02,5,1990365.32,-1.08,data/backtest/run-20260806-122846.json.gz,99565,8fff9cc23a45eff0f9d7c0342a0aad8deba4e892f228e080af54805556d6121b,
run-tune-anti_lottery_defensive-full,anti_lottery_defensive,反彩票防御横截面(规避MAX+低波+低估),2007-01-04,2026-07-21,4749,639.0,11.2,63.47,0.56,3332,7390043.61,129.27,data/backtest/run-tune-anti_lottery_defensive-full.json.gz,1250530,c55053a36447a570676030bb6d290dd58630c854db01a0337afcaa0027ab561a,
run-tune-donchian_breakout_cross_section-full,donchian_breakout_cross_section,唐奇安突破横截面(通道突破+趋势确认),2007-01-04,2026-07-21,4749,-94.21,-14.03,97.95,-0.34,4303,57853.49,129.27,data/backtest/run-tune-donchian_breakout_cross_section-full.json.gz,2786643,1524e1258c9d300c7fe3f3425009f61d3c164e35c7c951c0e1f1ec7dfd6d41de,
run-tune-fifty_two_week_high_cross_section-full,fifty_two_week_high_cross_section,52周新高横截面(近高点+动量确认),2007-01-04,2026-07-21,4749,66.61,2.75,74.39,0.23,2283,1666101.76,129.27,data/backtest/run-tune-fifty_two_week_high_cross_section-full.json.gz,1151333,6a6779aa7426cdfaf92553f7e3aed60d572acf812eabfa31af7b157ecb23e999,
run-tune-graham_defensive_value-full,graham_defensive_value,格雷厄姆防御价值横截面(PE+PB+股息复合),2007-01-04,2026-07-21,4749,725.49,11.85,68.65,0.57,1995,8254911.51,129.27,data/backtest/run-tune-graham_defensive_value-full.json.gz,980584,d45e862282d4689fe9f38b90148c73117990c9c362d63022aa795b186c95def0,
run-tune-illiquidity_value-full,illiquidity_value,Amihud流动性价值横截面(非流动溢价+低估),2007-01-04,2026-07-21,4749,345.0,8.24,76.25,0.42,5228,4450037.86,129.27,data/backtest/run-tune-illiquidity_value-full.json.gz,2337038,a103858f083679cf4cfa3d0be8ae25b71213c6f4765f6d6d4e4dd4a0afd41377,
run-tune-low_beta_dividend-full,low_beta_dividend,低贝塔红利横截面(防御+收入),2007-01-04,2026-07-21,4749,719.19,11.81,55.02,0.62,1304,8191873.19,129.27,data/backtest/run-tune-low_beta_dividend-full.json.gz,779953,3979441bd08990ad7c9e234c41f2a75a635a18934cc7cb1839d856084765d45a,
run-tune-low_turnover_reversal-full,low_turnover_reversal,低换手反转横截面(流动性+反转+价值),2007-01-04,2026-07-21,4749,488.08,9.86,61.17,0.49,2881,5880804.93,129.27,data/backtest/run-tune-low_turnover_reversal-full.json.gz,1432025,7dd4476da92ffa0f9151ce2ce0866ea0ed9fa15af6faceea04c358079faf104e,
run-tune-small_cap_low_turnover-full,small_cap_low_turnover,小盘低换手横截面(规模+流动性异象),2007-01-04,2026-07-21,4749,1191.76,14.54,66.56,0.65,1368,12917647.57,129.27,data/backtest/run-tune-small_cap_low_turnover-full.json.gz,1083028,ee249370b1a7b190cf1c4ef51ff2dfc121a59cfe9840ac8fc23cc585fe4f5128,
run-tune-smart_beta_multi_factor-full,smart_beta_multi_factor,智能贝塔多因子横截面(分散因子暴露),2007-01-04,2026-07-21,4749,710.68,11.74,59.57,0.56,1970,8106811.26,129.27,data/backtest/run-tune-smart_beta_multi_factor-full.json.gz,1316121,ec64ca23566ad8dc0da9684f3610cee9a1ca3ed1b73c45fad41a5fea51672d0e,
run-tune-ts_momentum_trend-full,ts_momentum_trend,时序动量趋势横截面(风险调整趋势+加速+确认),2007-01-04,2026-07-21,4749,-18.57,-1.08,71.3,0.09,3263,814332.17,129.27,data/backtest/run-tune-ts_momentum_trend-full.json.gz,1483315,40fbf982203888be453936a91f9cc7bf03736b470b21c949df05205dd3811f90,
not_available:momentum_breakout,momentum_breakout,月线动量突破,,,,,,,,,,,not_available,not_available,not_available,not_available
not_available:cn_momentum_cross_section,cn_momentum_cross_section,个股动量横截面(动量+线性度+趋势),,,,,,,,,,,not_available,not_available,not_available,not_available
not_available:dual_bollinger,dual_bollinger,双布林带(周+月),,,,,,,,,,,not_available,not_available,not_available,not_available
not_available:dividend_cross_section,dividend_cross_section,红利横截面(高股息+低波+价值),,,,,,,,,,,not_available,not_available,not_available,not_available
not_available:dividend_cross_section#sl30,dividend_cross_section#sl30,红利横截面(止损30%),,,,,,,,,,,not_available,not_available,not_available,not_available
not_available:dividend_cross_section#sl30w10,dividend_cross_section#sl30w10,"红利横截面(止损30%,单股10%)",,,,,,,,,,,not_available,not_available,not_available,not_available
not_available:dividend_cross_section#sl30w20,dividend_cross_section#sl30w20,"红利横截面(止损30%,单股20%)",,,,,,,,,,,not_available,not_available,not_available,not_available
not_available:dividend_cross_section_take_profit,dividend_cross_section_take_profit,红利横截面(分级追踪止盈),,,,,,,,,,,not_available,not_available,not_available,not_available
not_available:dividend_cross_section_partial_take_profit,dividend_cross_section_partial_take_profit,红利横截面(分段减仓止盈),,,,,,,,,,,not_available,not_available,not_available,not_available
not_available:dividend_cross_section_atr_take_profit,dividend_cross_section_atr_take_profit,红利横截面(ATR分段减仓止盈),,,,,,,,,,,not_available,not_available,not_available,not_available
not_available:dividend_cross_section_atr_lagged_take_profit,dividend_cross_section_atr_lagged_take_profit,红利横截面(滞后ATR分段减仓止盈),,,,,,,,,,,not_available,not_available,not_available,not_available
not_available:dividend_cross_section_partial_brake_take_profit,dividend_cross_section_partial_brake_take_profit,红利横截面(分段止盈+组合回撤刹车),,,,,,,,,,,not_available,not_available,not_available,not_available
not_available:dividend_cross_section_partial_gentle_brake_take_profit,dividend_cross_section_partial_gentle_brake_take_profit,红利横截面(分段止盈+平滑组合刹车),,,,,,,,,,,not_available,not_available,not_available,not_available
not_available:dividend_cross_section_partial_selective_brake_take_profit,dividend_cross_section_partial_selective_brake_take_profit,红利横截面(分段止盈+选择性组合刹车),,,,,,,,,,,not_available,not_available,not_available,not_available
not_available:dividend_cross_section_partial_exposure_brake_take_profit,dividend_cross_section_partial_exposure_brake_take_profit,红利横截面(分段止盈+深度分级敞口刹车),,,,,,,,,,,not_available,not_available,not_available,not_available
not_available:dividend_cross_section_partial_exposure_brake_take_profit#deep,dividend_cross_section_partial_exposure_brake_take_profit#deep,红利横截面(分段止盈+深度刹车·仅深度触发),,,,,,,,,,,not_available,not_available,not_available,not_available
not_available:dividend_cross_section_partial_exposure_brake_take_profit#rec125,dividend_cross_section_partial_exposure_brake_take_profit#rec125,红利横截面(分段止盈+深度刹车+125日新高解除),,,,,,,,,,,not_available,not_available,not_available,not_available
not_available:dividend_cross_section_partial_drawdown_add_gated_take_profit,dividend_cross_section_partial_drawdown_add_gated_take_profit,红利横截面(分段止盈+回撤加仓质量门控),,,,,,,,,,,not_available,not_available,not_available,not_available
not_available:dividend_cross_section_partial_exposure_add_gated_take_profit,dividend_cross_section_partial_exposure_add_gated_take_profit,红利横截面(分段止盈+分级敞口刹车+回撤加仓质量门控),,,,,,,,,,,not_available,not_available,not_available,not_available
not_available:dividend_cross_section_partial_exposure_brake_hold_take_profit,dividend_cross_section_partial_exposure_brake_hold_take_profit,红利横截面(分段止盈+分级敞口刹车+买卖不对称滞回),,,,,,,,,,,not_available,not_available,not_available,not_available
not_available:dividend_cross_section_partial_exposure_add_gated_hold_take_profit,dividend_cross_section_partial_exposure_add_gated_hold_take_profit,红利横截面(分段止盈+分级敞口刹车+回撤加仓门控+买卖不对称滞回),,,,,,,,,,,not_available,not_available,not_available,not_available
not_available:dividend_cross_section_partial_exposure_brake_regime_trend_take_profit,dividend_cross_section_partial_exposure_brake_regime_trend_take_profit,红利横截面(分段止盈+深度刹车+趋势regime),,,,,,,,,,,not_available,not_available,not_available,not_available
not_available:dividend_cross_section_partial_exposure_brake_regime_vol_take_profit,dividend_cross_section_partial_exposure_brake_regime_vol_take_profit,红利横截面(分段止盈+深度刹车+波动率定权),,,,,,,,,,,not_available,not_available,not_available,not_available
not_available:dividend_cross_section_partial_exposure_brake_regime_trendvol_take_profit,dividend_cross_section_partial_exposure_brake_regime_trendvol_take_profit,红利横截面(分段止盈+深度刹车+趋势&波动率双regime),,,,,,,,,,,not_available,not_available,not_available,not_available
not_available:amplitude,amplitude,低振幅横截面(日内极差防御),,,,,,,,,,,not_available,not_available,not_available,not_available
not_available:bias_reversal,bias_reversal,乖离率反转横截面(深度超跌优先),,,,,,,,,,,not_available,not_available,not_available,not_available
not_available:bollinger_reversion,bollinger_reversion,"布林均值回归(日+周,中下轨买/中上轨卖)",,,,,,,,,,,not_available,not_available,not_available,not_available
not_available:bollinger_reversion_cross_section,bollinger_reversion_cross_section,布林回归横截面(日+周布林+RSI),,,,,,,,,,,not_available,not_available,not_available,not_available
not_available:cn_momentum_rotation,cn_momentum_rotation,降换手动量轮动,,,,,,,,,,,not_available,not_available,not_available,not_available
not_available:cross_section_factor,cross_section_factor,横截面多因子(反转+低波+价值),,,,,,,,,,,not_available,not_available,not_available,not_available
not_available:dividend_low_vol,dividend_low_vol,红利低波(高股息+低波动+低估值),,,,,,,,,,,not_available,not_available,not_available,not_available
not_available:etf_momentum_cross_section,etf_momentum_cross_section,ETF动量横截面(动量+线性度+趋势),,,,,,,,,,,not_available,not_available,not_available,not_available
not_available:etf_momentum_rotation,etf_momentum_rotation,ETF动量轮动,,,,,,,,,,,not_available,not_available,not_available,not_available
not_available:intraday_return,intraday_return,日内动量横截面(高日内收益优先),,,,,,,,,,,not_available,not_available,not_available,not_available
not_available:limit_up_count,limit_up_count,涨停计数反转横截面(规避连板妖股),,,,,,,,,,,not_available,not_available,not_available,not_available
not_available:low_downside_vol,low_downside_vol,低下行波动横截面(半方差防御),,,,,,,,,,,not_available,not_available,not_available,not_available
not_available:low_skewness,low_skewness,负偏度防御横截面(规避彩票型收益),,,,,,,,,,,not_available,not_available,not_available,not_available
not_available:macd_cross,macd_cross,MACD金叉死叉,,,,,,,,,,,not_available,not_available,not_available,not_available
not_available:momentum_breakout_cross_section,momentum_breakout_cross_section,动量突破横截面(月布林+动量+趋势),,,,,,,,,,,not_available,not_available,not_available,not_available
not_available:near_52w_low,near_52w_low,52周低点反转横截面(贴近低点优先),,,,,,,,,,,not_available,not_available,not_available,not_available
not_available:overnight_reversal,overnight_reversal,隔夜反转横截面(低隔夜收益优先),,,,,,,,,,,not_available,not_available,not_available,not_available
not_available:pure_factor,pure_factor,纯因子动量反转,,,,,,,,,,,not_available,not_available,not_available,not_available
not_available:residual_reversal,residual_reversal,残差反转横截面(市场调整后超跌优先),,,,,,,,,,,not_available,not_available,not_available,not_available
not_available:reversal_cross_section,reversal_cross_section,反转横截面(短期反转+RSI+低估),,,,,,,,,,,not_available,not_available,not_available,not_available
not_available:reversal_strategy,reversal_strategy,反转均值回归(短期反转+RSI超卖+低估),,,,,,,,,,,not_available,not_available,not_available,not_available
not_available:rsi_reversal,rsi_reversal,RSI超卖反转横截面(低RSI优先),,,,,,,,,,,not_available,not_available,not_available,not_available
not_available:volume_drought,volume_drought,量能枯竭反转横截面(缩量企稳优先),,,,,,,,,,,not_available,not_available,not_available,not_available
