id,asset_code,ex_date,record_date,announce_date,per_share_cash,currency,source
1,600519,2026-06-26,,,28.02423,CNY,akshare:stock_fhps_detail_em
2,600519,2025-12-19,,,23.957,CNY,akshare:stock_fhps_detail_em
3,600519,2025-06-26,,,27.673,CNY,akshare:stock_fhps_detail_em
4,600519,2024-12-20,,,23.882,CNY,akshare:stock_fhps_detail_em
5,600519,2024-06-19,,,30.876,CNY,akshare:stock_fhps_detail_em
6,600519,2023-06-30,,,25.911,CNY,akshare:stock_fhps_detail_em
7,600519,2022-06-30,,,21.675,CNY,akshare:stock_fhps_detail_em
8,600519,2021-06-25,,,19.293,CNY,akshare:stock_fhps_detail_em
9,000858,2025-12-31,,,2.578,CNY,akshare:stock_fhps_detail_em
10,000858,2025-12-18,,,2.578,CNY,akshare:stock_fhps_detail_em
11,000858,2025-07-18,,,3.169,CNY,akshare:stock_fhps_detail_em
12,000858,2025-01-23,,,2.576,CNY,akshare:stock_fhps_detail_em
13,000858,2024-07-12,,,4.67,CNY,akshare:stock_fhps_detail_em
14,000858,2023-06-27,,,3.782,CNY,akshare:stock_fhps_detail_em
15,000858,2022-06-29,,,3.023,CNY,akshare:stock_fhps_detail_em
16,000858,2021-07-09,,,2.58,CNY,akshare:stock_fhps_detail_em
17,600036,2026-01-16,,,1.013,CNY,akshare:stock_fhps_detail_em
18,600036,2025-12-31,,,1.003,CNY,akshare:stock_fhps_detail_em
19,600036,2025-07-11,,,2.0,CNY,akshare:stock_fhps_detail_em
20,600036,2024-07-11,,,1.972,CNY,akshare:stock_fhps_detail_em
21,600036,2023-07-13,,,1.738,CNY,akshare:stock_fhps_detail_em
22,600036,2022-07-15,,,1.522,CNY,akshare:stock_fhps_detail_em
23,600036,2021-07-13,,,1.253,CNY,akshare:stock_fhps_detail_em
24,600036,2020-07-10,,,1.2,CNY,akshare:stock_fhps_detail_em
25,601318,2026-06-10,,,1.75,CNY,akshare:stock_fhps_detail_em
26,601318,2025-10-24,,,0.95,CNY,akshare:stock_fhps_detail_em
27,601318,2025-06-30,,,1.62,CNY,akshare:stock_fhps_detail_em
28,601318,2024-10-18,,,0.93,CNY,akshare:stock_fhps_detail_em
29,601318,2024-07-26,,,1.5,CNY,akshare:stock_fhps_detail_em
30,601318,2023-10-25,,,0.93,CNY,akshare:stock_fhps_detail_em
31,601318,2023-06-14,,,1.5,CNY,akshare:stock_fhps_detail_em
32,601318,2022-10-20,,,0.92,CNY,akshare:stock_fhps_detail_em
33,002594,2025-12-31,,,0.358,CNY,akshare:stock_fhps_detail_em
34,002594,2025-07-29,,,1.324667,CNY,akshare:stock_fhps_detail_em
35,002594,2024-07-29,,,3.097772,CNY,akshare:stock_fhps_detail_em
36,002594,2023-07-28,,,1.142,CNY,akshare:stock_fhps_detail_em
37,002594,2022-07-29,,,0.105,CNY,akshare:stock_fhps_detail_em
38,002594,2021-08-06,,,0.148,CNY,akshare:stock_fhps_detail_em
39,002594,2020-08-18,,,0.06,CNY,akshare:stock_fhps_detail_em
40,002594,2019-07-26,,,0.204,CNY,akshare:stock_fhps_detail_em
41,002714,2026-05-27,,,0.427,CNY,akshare:stock_fhps_detail_em
42,002714,2025-10-16,,,0.927521,CNY,akshare:stock_fhps_detail_em
43,002714,2025-06-26,,,0.574269,CNY,akshare:stock_fhps_detail_em
44,002714,2024-12-30,,,0.834793,CNY,akshare:stock_fhps_detail_em
45,002714,2023-07-13,,,0.738178,CNY,akshare:stock_fhps_detail_em
46,002714,2022-06-09,,,0.248023,CNY,akshare:stock_fhps_detail_em
47,002714,2021-06-03,,,1.043571,CNY,akshare:stock_fhps_detail_em
48,002714,2020-06-04,,,0.323529,CNY,akshare:stock_fhps_detail_em
49,003816,2025-12-31,,,0.086,CNY,akshare:stock_fhps_detail_em
50,003816,2025-07-03,,,0.095,CNY,akshare:stock_fhps_detail_em
51,003816,2024-07-10,,,0.094,CNY,akshare:stock_fhps_detail_em
52,003816,2023-07-07,,,0.087,CNY,akshare:stock_fhps_detail_em
53,003816,2022-07-07,,,0.084,CNY,akshare:stock_fhps_detail_em
54,003816,2021-07-08,,,0.08,CNY,akshare:stock_fhps_detail_em
55,003816,2020-07-10,,,0.076,CNY,akshare:stock_fhps_detail_em
56,601919,2026-06-26,,,0.44,CNY,akshare:stock_fhps_detail_em
57,601919,2025-10-24,,,0.56,CNY,akshare:stock_fhps_detail_em
58,601919,2025-06-25,,,1.03,CNY,akshare:stock_fhps_detail_em
59,601919,2024-10-10,,,0.52,CNY,akshare:stock_fhps_detail_em
60,601919,2024-06-20,,,0.23,CNY,akshare:stock_fhps_detail_em
61,601919,2023-12-20,,,0.51,CNY,akshare:stock_fhps_detail_em
62,601919,2023-06-28,,,1.39,CNY,akshare:stock_fhps_detail_em
63,601919,2022-12-14,,,2.01,CNY,akshare:stock_fhps_detail_em
64,000725,2026-06-18,,,0.056,CNY,akshare:stock_fhps_detail_em
65,000725,2025-06-25,,,0.05,CNY,akshare:stock_fhps_detail_em
66,000725,2024-06-19,,,0.03,CNY,akshare:stock_fhps_detail_em
67,000725,2023-06-07,,,0.061,CNY,akshare:stock_fhps_detail_em
68,000725,2022-05-30,,,0.21,CNY,akshare:stock_fhps_detail_em
69,000725,2021-06-04,,,0.1,CNY,akshare:stock_fhps_detail_em
70,000725,2020-07-06,,,0.02,CNY,akshare:stock_fhps_detail_em
71,000725,2019-05-31,,,0.03,CNY,akshare:stock_fhps_detail_em
72,601899,2026-06-26,,,0.38,CNY,akshare:stock_fhps_detail_em
73,601899,2025-09-30,,,0.22,CNY,akshare:stock_fhps_detail_em
74,601899,2025-06-13,,,0.28,CNY,akshare:stock_fhps_detail_em
75,601899,2024-08-09,,,0.1,CNY,akshare:stock_fhps_detail_em
76,601899,2024-06-11,,,0.2,CNY,akshare:stock_fhps_detail_em
77,601899,2023-12-25,,,0.05,CNY,akshare:stock_fhps_detail_em
78,601899,2023-06-15,,,0.2,CNY,akshare:stock_fhps_detail_em
79,601899,2022-06-10,,,0.2,CNY,akshare:stock_fhps_detail_em
80,600900,2026-02-12,,,0.21,CNY,akshare:stock_fhps_detail_em
81,600900,2025-12-31,,,0.79,CNY,akshare:stock_fhps_detail_em
82,600900,2025-07-18,,,0.733,CNY,akshare:stock_fhps_detail_em
83,600900,2025-01-24,,,0.21,CNY,akshare:stock_fhps_detail_em
84,600900,2024-07-19,,,0.82,CNY,akshare:stock_fhps_detail_em
85,600900,2023-07-21,,,0.8533,CNY,akshare:stock_fhps_detail_em
86,600900,2022-07-21,,,0.8153,CNY,akshare:stock_fhps_detail_em
87,600900,2021-07-16,,,0.7,CNY,akshare:stock_fhps_detail_em
88,000625,2025-12-31,,,0.115,CNY,akshare:stock_fhps_detail_em
89,000625,2025-11-28,,,0.05,CNY,akshare:stock_fhps_detail_em
90,000625,2025-07-23,,,0.295,CNY,akshare:stock_fhps_detail_em
91,000625,2024-05-24,,,0.343,CNY,akshare:stock_fhps_detail_em
92,000625,2023-07-12,,,0.236,CNY,akshare:stock_fhps_detail_em
93,000625,2022-06-27,,,0.179231,CNY,akshare:stock_fhps_detail_em
94,000625,2021-07-01,,,0.218571,CNY,akshare:stock_fhps_detail_em
95,000625,2019-07-26,,,0.018,CNY,akshare:stock_fhps_detail_em
96,002236,2026-05-26,,,0.37,CNY,akshare:stock_fhps_detail_em
97,002236,2025-12-09,,,0.185,CNY,akshare:stock_fhps_detail_em
98,002236,2025-04-30,,,0.458,CNY,akshare:stock_fhps_detail_em
99,002236,2024-09-20,,,0.184,CNY,akshare:stock_fhps_detail_em
100,002236,2024-05-22,,,0.382,CNY,akshare:stock_fhps_detail_em
101,002236,2023-11-16,,,0.310138,CNY,akshare:stock_fhps_detail_em
102,002236,2023-06-06,,,0.241,CNY,akshare:stock_fhps_detail_em
103,002236,2022-06-01,,,0.27,CNY,akshare:stock_fhps_detail_em
104,600886,2025-12-31,,,0.5081,CNY,akshare:stock_fhps_detail_em
105,600886,2025-08-08,,,0.4565,CNY,akshare:stock_fhps_detail_em
106,600886,2024-08-09,,,0.4948,CNY,akshare:stock_fhps_detail_em
107,600886,2023-08-04,,,0.275,CNY,akshare:stock_fhps_detail_em
108,600886,2022-07-29,,,0.1635,CNY,akshare:stock_fhps_detail_em
109,600886,2021-08-18,,,0.28,CNY,akshare:stock_fhps_detail_em
110,600886,2020-08-14,,,0.2453,CNY,akshare:stock_fhps_detail_em
111,600886,2019-07-30,,,0.225,CNY,akshare:stock_fhps_detail_em
112,000333,2025-11-18,,,0.5,CNY,akshare:stock_fhps_detail_em
113,000333,2025-06-12,,,3.5,CNY,akshare:stock_fhps_detail_em
114,000333,2024-05-15,,,3.0,CNY,akshare:stock_fhps_detail_em
115,000333,2023-06-01,,,2.5,CNY,akshare:stock_fhps_detail_em
116,000333,2022-06-02,,,1.700894,CNY,akshare:stock_fhps_detail_em
117,000333,2021-06-02,,,1.600585,CNY,akshare:stock_fhps_detail_em
118,000333,2020-06-02,,,1.6,CNY,akshare:stock_fhps_detail_em
119,000333,2019-05-30,,,1.303962,CNY,akshare:stock_fhps_detail_em
120,002027,2025-12-31,,,0.19,CNY,akshare:stock_fhps_detail_em
121,002027,2025-11-25,,,0.05,CNY,akshare:stock_fhps_detail_em
122,002027,2025-10-17,,,0.1,CNY,akshare:stock_fhps_detail_em
123,002027,2025-08-22,,,0.23,CNY,akshare:stock_fhps_detail_em
124,002027,2024-09-26,,,0.1,CNY,akshare:stock_fhps_detail_em
125,002027,2024-06-13,,,0.33,CNY,akshare:stock_fhps_detail_em
126,002027,2023-07-03,,,0.28,CNY,akshare:stock_fhps_detail_em
127,002027,2023-01-11,,,0.14,CNY,akshare:stock_fhps_detail_em
128,002371,2025-07-03,,,0.785185,CNY,akshare:stock_fhps_detail_em
129,002371,2024-07-04,,,0.78,CNY,akshare:stock_fhps_detail_em
130,002371,2023-07-13,,,0.445,CNY,akshare:stock_fhps_detail_em
131,002371,2022-07-13,,,0.205,CNY,akshare:stock_fhps_detail_em
132,002371,2021-07-09,,,0.109,CNY,akshare:stock_fhps_detail_em
133,002371,2020-06-23,,,0.063,CNY,akshare:stock_fhps_detail_em
134,002371,2019-07-10,,,0.052,CNY,akshare:stock_fhps_detail_em
135,002371,2018-07-03,,,0.028,CNY,akshare:stock_fhps_detail_em
136,002475,2026-02-12,,,0.159915,CNY,akshare:stock_fhps_detail_em
137,002475,2025-12-31,,,0.14,CNY,akshare:stock_fhps_detail_em
138,002475,2025-07-14,,,0.199873,CNY,akshare:stock_fhps_detail_em
139,002475,2024-07-11,,,0.298946,CNY,akshare:stock_fhps_detail_em
140,002475,2023-06-15,,,0.129966,CNY,akshare:stock_fhps_detail_em
141,002475,2022-07-13,,,0.109982,CNY,akshare:stock_fhps_detail_em
142,002475,2021-07-08,,,0.11,CNY,akshare:stock_fhps_detail_em
143,002475,2020-06-17,,,0.092301,CNY,akshare:stock_fhps_detail_em
144,300059,2026-04-21,,,0.1,CNY,akshare:stock_fhps_detail_em
145,300059,2025-04-16,,,0.06,CNY,akshare:stock_fhps_detail_em
146,300059,2024-04-23,,,0.04,CNY,akshare:stock_fhps_detail_em
147,300059,2023-04-18,,,0.058333,CNY,akshare:stock_fhps_detail_em
148,300059,2022-04-20,,,0.066667,CNY,akshare:stock_fhps_detail_em
149,300059,2021-05-27,,,0.05,CNY,akshare:stock_fhps_detail_em
150,300059,2020-05-21,,,0.025,CNY,akshare:stock_fhps_detail_em
151,300059,2019-05-22,,,0.016667,CNY,akshare:stock_fhps_detail_em
152,300308,2026-04-30,,,1.0,CNY,akshare:stock_fhps_detail_em
153,300308,2025-10-13,,,0.4,CNY,akshare:stock_fhps_detail_em
154,300308,2025-06-19,,,0.5,CNY,akshare:stock_fhps_detail_em
155,300308,2024-06-06,,,0.321429,CNY,akshare:stock_fhps_detail_em
156,300308,2023-06-06,,,0.2,CNY,akshare:stock_fhps_detail_em
157,300308,2022-05-26,,,0.22,CNY,akshare:stock_fhps_detail_em
158,300308,2021-06-09,,,0.121,CNY,akshare:stock_fhps_detail_em
159,300308,2020-07-02,,,0.084,CNY,akshare:stock_fhps_detail_em
160,300502,2026-06-11,,,0.714286,CNY,akshare:stock_fhps_detail_em
161,300502,2025-05-28,,,0.321429,CNY,akshare:stock_fhps_detail_em
162,300502,2024-07-05,,,0.155,CNY,akshare:stock_fhps_detail_em
163,300502,2023-06-08,,,0.09,CNY,akshare:stock_fhps_detail_em
164,300502,2022-06-23,,,0.113,CNY,akshare:stock_fhps_detail_em
165,300502,2021-06-08,,,0.194042,CNY,akshare:stock_fhps_detail_em
166,300502,2020-05-29,,,0.128571,CNY,akshare:stock_fhps_detail_em
167,300502,2019-06-14,,,0.12,CNY,akshare:stock_fhps_detail_em
168,300750,2026-04-22,,,6.957,CNY,akshare:stock_fhps_detail_em
169,300750,2025-08-20,,,1.007,CNY,akshare:stock_fhps_detail_em
170,300750,2025-04-22,,,4.553,CNY,akshare:stock_fhps_detail_em
171,300750,2024-04-30,,,2.011,CNY,akshare:stock_fhps_detail_em
172,300750,2023-04-26,,,1.4,CNY,akshare:stock_fhps_detail_em
173,300750,2022-09-28,,,0.6528,CNY,akshare:stock_fhps_detail_em
174,300750,2021-07-05,,,0.240048,CNY,akshare:stock_fhps_detail_em
175,300750,2020-06-04,,,0.220128,CNY,akshare:stock_fhps_detail_em
176,300760,2026-05-28,,,0.31,CNY,akshare:stock_fhps_detail_em
177,300760,2026-05-28,,,1.25,CNY,akshare:stock_fhps_detail_em
178,300760,2025-11-12,,,1.35,CNY,akshare:stock_fhps_detail_em
179,300760,2025-05-29,,,0.56,CNY,akshare:stock_fhps_detail_em
180,300760,2025-05-29,,,1.41,CNY,akshare:stock_fhps_detail_em
181,300760,2024-11-07,,,1.65,CNY,akshare:stock_fhps_detail_em
182,300760,2024-09-09,,,4.06,CNY,akshare:stock_fhps_detail_em
183,300760,2024-05-28,,,1.5,CNY,akshare:stock_fhps_detail_em
184,600030,2026-06-10,,,0.41,CNY,akshare:stock_fhps_detail_em
185,600030,2026-02-09,,,0.29,CNY,akshare:stock_fhps_detail_em
186,600030,2025-08-25,,,0.28,CNY,akshare:stock_fhps_detail_em
187,600030,2024-12-20,,,0.24,CNY,akshare:stock_fhps_detail_em
188,600030,2024-08-26,,,0.475,CNY,akshare:stock_fhps_detail_em
189,600030,2023-08-25,,,0.49,CNY,akshare:stock_fhps_detail_em
190,600030,2022-08-26,,,0.54,CNY,akshare:stock_fhps_detail_em
191,600030,2021-08-20,,,0.4,CNY,akshare:stock_fhps_detail_em
192,600276,2026-05-27,,,0.2,CNY,akshare:stock_fhps_detail_em
193,600276,2025-05-23,,,0.2,CNY,akshare:stock_fhps_detail_em
194,600276,2024-07-12,,,0.2,CNY,akshare:stock_fhps_detail_em
195,600276,2023-06-08,,,0.16,CNY,akshare:stock_fhps_detail_em
196,600276,2022-07-05,,,0.16,CNY,akshare:stock_fhps_detail_em
197,600276,2021-06-10,,,0.166667,CNY,akshare:stock_fhps_detail_em
198,600276,2020-05-25,,,0.191667,CNY,akshare:stock_fhps_detail_em
199,600276,2019-03-28,,,0.183333,CNY,akshare:stock_fhps_detail_em
200,600309,2026-05-27,,,1.25,CNY,akshare:stock_fhps_detail_em
201,600309,2025-05-30,,,0.73,CNY,akshare:stock_fhps_detail_em
202,600309,2024-09-05,,,0.52,CNY,akshare:stock_fhps_detail_em
203,600309,2024-04-22,,,1.625,CNY,akshare:stock_fhps_detail_em
204,600309,2023-05-26,,,1.6,CNY,akshare:stock_fhps_detail_em
205,600309,2022-04-29,,,2.5,CNY,akshare:stock_fhps_detail_em
206,600309,2021-04-26,,,1.3,CNY,akshare:stock_fhps_detail_em
207,600309,2020-05-15,,,1.3,CNY,akshare:stock_fhps_detail_em
208,600760,2026-05-27,,,0.265,CNY,akshare:stock_fhps_detail_em
209,600760,2026-02-11,,,0.14,CNY,akshare:stock_fhps_detail_em
210,600760,2025-05-21,,,0.26,CNY,akshare:stock_fhps_detail_em
211,600760,2025-01-20,,,0.14,CNY,akshare:stock_fhps_detail_em
212,600760,2024-06-20,,,0.4,CNY,akshare:stock_fhps_detail_em
213,600760,2023-06-27,,,0.285714,CNY,akshare:stock_fhps_detail_em
214,600760,2022-05-26,,,0.35,CNY,akshare:stock_fhps_detail_em
215,600760,2021-10-14,,,0.06,CNY,akshare:stock_fhps_detail_em
216,600887,2026-06-05,,,0.9,CNY,akshare:stock_fhps_detail_em
217,600887,2025-12-17,,,0.48,CNY,akshare:stock_fhps_detail_em
218,600887,2025-06-06,,,1.22,CNY,akshare:stock_fhps_detail_em
219,600887,2024-06-05,,,1.2,CNY,akshare:stock_fhps_detail_em
220,600887,2023-06-13,,,1.04,CNY,akshare:stock_fhps_detail_em
221,600887,2022-06-01,,,0.96,CNY,akshare:stock_fhps_detail_em
222,600887,2021-06-11,,,0.82,CNY,akshare:stock_fhps_detail_em
223,600887,2020-06-10,,,0.81,CNY,akshare:stock_fhps_detail_em
224,600941,2026-06-05,,,2.2012,CNY,akshare:stock_fhps_detail_em
225,600941,2025-09-01,,,2.5025,CNY,akshare:stock_fhps_detail_em
226,600941,2025-06-06,,,2.2916,CNY,akshare:stock_fhps_detail_em
227,600941,2024-09-02,,,2.3789,CNY,akshare:stock_fhps_detail_em
228,600941,2024-06-06,,,2.1849,CNY,akshare:stock_fhps_detail_em
229,600941,2023-09-01,,,2.2247,CNY,akshare:stock_fhps_detail_em
230,600941,2023-06-07,,,1.9796,CNY,akshare:stock_fhps_detail_em
231,600941,2022-09-06,,,1.8942,CNY,akshare:stock_fhps_detail_em
232,601012,2024-07-15,,,0.17,CNY,akshare:stock_fhps_detail_em
233,601012,2023-06-19,,,0.4,CNY,akshare:stock_fhps_detail_em
234,601012,2022-06-06,,,0.185714,CNY,akshare:stock_fhps_detail_em
235,601012,2021-06-23,,,0.178571,CNY,akshare:stock_fhps_detail_em
236,601012,2020-10-26,,,0.18,CNY,akshare:stock_fhps_detail_em
237,601012,2020-06-04,,,0.2,CNY,akshare:stock_fhps_detail_em
238,601012,2019-06-10,,,0.1,CNY,akshare:stock_fhps_detail_em
239,601012,2018-05-29,,,0.128571,CNY,akshare:stock_fhps_detail_em
240,601138,2026-01-16,,,0.33,CNY,akshare:stock_fhps_detail_em
241,601138,2025-12-31,,,0.65,CNY,akshare:stock_fhps_detail_em
242,601138,2025-07-31,,,0.64,CNY,akshare:stock_fhps_detail_em
243,601138,2024-08-15,,,0.58,CNY,akshare:stock_fhps_detail_em
244,601138,2023-07-28,,,0.55,CNY,akshare:stock_fhps_detail_em
245,601138,2022-08-05,,,0.5,CNY,akshare:stock_fhps_detail_em
246,601138,2021-07-27,,,0.25,CNY,akshare:stock_fhps_detail_em
247,601138,2020-06-30,,,0.2,CNY,akshare:stock_fhps_detail_em
248,601166,2026-06-12,,,0.501,CNY,akshare:stock_fhps_detail_em
249,601166,2026-02-06,,,0.565,CNY,akshare:stock_fhps_detail_em
250,601166,2025-06-20,,,1.06,CNY,akshare:stock_fhps_detail_em
251,601166,2024-07-09,,,1.04,CNY,akshare:stock_fhps_detail_em
252,601166,2023-06-19,,,1.188,CNY,akshare:stock_fhps_detail_em
253,601166,2022-06-16,,,1.035,CNY,akshare:stock_fhps_detail_em
254,601166,2021-06-29,,,0.802,CNY,akshare:stock_fhps_detail_em
255,601166,2020-07-15,,,0.762,CNY,akshare:stock_fhps_detail_em
256,601225,2026-06-26,,,0.909,CNY,akshare:stock_fhps_detail_em
257,601225,2025-09-26,,,0.039,CNY,akshare:stock_fhps_detail_em
258,601225,2025-06-25,,,1.136,CNY,akshare:stock_fhps_detail_em
259,601225,2025-01-17,,,0.103,CNY,akshare:stock_fhps_detail_em
260,601225,2024-10-23,,,0.109,CNY,akshare:stock_fhps_detail_em
261,601225,2024-06-28,,,1.315,CNY,akshare:stock_fhps_detail_em
262,601225,2023-07-12,,,2.18,CNY,akshare:stock_fhps_detail_em
263,601225,2022-07-08,,,1.35,CNY,akshare:stock_fhps_detail_em
264,601857,2026-06-26,,,0.25,CNY,akshare:stock_fhps_detail_em
265,601857,2025-09-17,,,0.22,CNY,akshare:stock_fhps_detail_em
266,601857,2025-06-25,,,0.25,CNY,akshare:stock_fhps_detail_em
267,601857,2024-09-19,,,0.22,CNY,akshare:stock_fhps_detail_em
268,601857,2024-06-26,,,0.23,CNY,akshare:stock_fhps_detail_em
269,601857,2023-09-20,,,0.21,CNY,akshare:stock_fhps_detail_em
270,601857,2023-06-28,,,0.22,CNY,akshare:stock_fhps_detail_em
271,601857,2022-09-20,,,0.20258,CNY,akshare:stock_fhps_detail_em
272,601816,2025-10-27,,,0.0385,CNY,akshare:stock_fhps_detail_em
273,601816,2025-07-15,,,0.1182,CNY,akshare:stock_fhps_detail_em
274,601816,2024-06-28,,,0.1116,CNY,akshare:stock_fhps_detail_em
275,601816,2023-07-28,,,0.0114,CNY,akshare:stock_fhps_detail_em
276,601816,2022-07-29,,,0.0491,CNY,akshare:stock_fhps_detail_em
277,601816,2021-07-30,,,0.0329,CNY,akshare:stock_fhps_detail_em
278,601816,2020-08-19,,,0.0528,CNY,akshare:stock_fhps_detail_em
279,603288,2026-06-15,,,0.8,CNY,akshare:stock_fhps_detail_em
280,603288,2025-09-24,,,0.26,CNY,akshare:stock_fhps_detail_em
281,603288,2025-06-05,,,0.86,CNY,akshare:stock_fhps_detail_em
282,603288,2024-06-19,,,0.66,CNY,akshare:stock_fhps_detail_em
283,603288,2023-06-01,,,0.583333,CNY,akshare:stock_fhps_detail_em
284,603288,2022-04-29,,,0.690909,CNY,akshare:stock_fhps_detail_em
285,603288,2021-05-17,,,0.792308,CNY,akshare:stock_fhps_detail_em
286,603288,2020-05-07,,,0.9,CNY,akshare:stock_fhps_detail_em
287,603501,2026-06-04,,,0.1,CNY,akshare:stock_fhps_detail_em
288,603501,2025-11-24,,,0.4,CNY,akshare:stock_fhps_detail_em
289,603501,2025-08-01,,,0.22,CNY,akshare:stock_fhps_detail_em
290,603501,2024-12-18,,,0.2,CNY,akshare:stock_fhps_detail_em
291,603501,2024-08-13,,,0.14,CNY,akshare:stock_fhps_detail_em
292,603501,2023-07-31,,,0.084,CNY,akshare:stock_fhps_detail_em
293,603501,2022-07-28,,,0.385185,CNY,akshare:stock_fhps_detail_em
294,603501,2021-06-30,,,0.315,CNY,akshare:stock_fhps_detail_em
295,601088,2025-12-31,,,1.03,CNY,akshare:stock_fhps_detail_em
296,601088,2025-11-10,,,0.98,CNY,akshare:stock_fhps_detail_em
297,601088,2025-07-07,,,2.26,CNY,akshare:stock_fhps_detail_em
298,601088,2024-07-08,,,2.26,CNY,akshare:stock_fhps_detail_em
299,601088,2023-07-05,,,2.55,CNY,akshare:stock_fhps_detail_em
300,601088,2022-07-11,,,2.54,CNY,akshare:stock_fhps_detail_em
301,601088,2021-07-12,,,1.81,CNY,akshare:stock_fhps_detail_em
302,601088,2020-06-15,,,1.26,CNY,akshare:stock_fhps_detail_em
303,688041,2026-06-23,,,0.15,CNY,akshare:stock_fhps_detail_em
304,688041,2026-01-29,,,0.09,CNY,akshare:stock_fhps_detail_em
305,688041,2025-05-16,,,0.17,CNY,akshare:stock_fhps_detail_em
306,688041,2024-06-18,,,0.1101,CNY,akshare:stock_fhps_detail_em
307,688041,2023-06-15,,,0.04,CNY,akshare:stock_fhps_detail_em
308,688111,2025-12-31,,,1.25,CNY,akshare:stock_fhps_detail_em
309,688111,2025-07-11,,,0.89852,CNY,akshare:stock_fhps_detail_em
310,688111,2024-06-28,,,0.87957,CNY,akshare:stock_fhps_detail_em
311,688111,2023-07-10,,,0.72961,CNY,akshare:stock_fhps_detail_em
312,688111,2022-05-26,,,0.7,CNY,akshare:stock_fhps_detail_em
313,688111,2021-06-22,,,0.6,CNY,akshare:stock_fhps_detail_em
314,688111,2020-06-02,,,0.3,CNY,akshare:stock_fhps_detail_em
315,002415,2026-05-20,,,0.75,CNY,akshare:stock_fhps_detail_em
316,002415,2025-10-10,,,0.4,CNY,akshare:stock_fhps_detail_em
317,002415,2025-05-20,,,0.7,CNY,akshare:stock_fhps_detail_em
318,002415,2024-05-21,,,0.9,CNY,akshare:stock_fhps_detail_em
319,002415,2023-05-19,,,0.7,CNY,akshare:stock_fhps_detail_em
320,002415,2022-05-26,,,0.9,CNY,akshare:stock_fhps_detail_em
321,002415,2021-05-28,,,0.8,CNY,akshare:stock_fhps_detail_em
322,002415,2020-05-29,,,0.7,CNY,akshare:stock_fhps_detail_em
323,601127,2026-06-03,,,0.8,CNY,akshare:stock_fhps_detail_em
324,601127,2025-10-30,,,0.31,CNY,akshare:stock_fhps_detail_em
325,601127,2025-05-13,,,0.97,CNY,akshare:stock_fhps_detail_em
326,601127,2024-12-13,,,0.331,CNY,akshare:stock_fhps_detail_em
327,601127,2020-07-22,,,0.04,CNY,akshare:stock_fhps_detail_em
328,601127,2019-06-14,,,0.08,CNY,akshare:stock_fhps_detail_em
329,601127,2018-06-28,,,0.24,CNY,akshare:stock_fhps_detail_em
330,601127,2017-04-24,,,0.3,CNY,akshare:stock_fhps_detail_em
331,000333,2026-06-29,,,3.8,CNY,akshare:stock_fhps_detail_em
