id,index_key,level,scope,snap_date,value,components,note
1,fear,stock,002594,2026-06-27,74.62,"{""volatility_pct"": 46.94, ""momentum_pct"": 1.34, ""amount_pct"": 94.54, ""pe_pct"": 19.55, ""pb_pct"": 27.55}",
2,greed,stock,002594,2026-06-27,35.75,"{""volatility_pct"": 46.94, ""momentum_pct"": 1.34, ""amount_pct"": 94.54, ""pe_pct"": 19.55, ""pb_pct"": 27.55}",
3,fear,stock,000001,2026-06-27,88.41,"{""volatility_pct"": 70.45, ""momentum_pct"": 6.05, ""amount_pct"": null, ""pe_pct"": 10.73, ""pb_pct"": 0.02}",
4,greed,stock,000001,2026-06-27,5.6,"{""volatility_pct"": 70.45, ""momentum_pct"": 6.05, ""amount_pct"": null, ""pe_pct"": 10.73, ""pb_pct"": 0.02}",
5,fear,stock,600036,2026-06-27,64.97,"{""volatility_pct"": 35.51, ""momentum_pct"": 5.58, ""amount_pct"": 89.55, ""margin_buy"": {""raw"": 339519949.0, ""pct"": null}}",
6,greed,stock,600036,2026-06-27,47.56,"{""volatility_pct"": 35.51, ""momentum_pct"": 5.58, ""amount_pct"": 89.55, ""margin_buy"": {""raw"": 339519949.0, ""pct"": null}}",
7,heat,stock,600036,2026-06-27,89.55,"{""volatility_pct"": 35.51, ""momentum_pct"": 5.58, ""amount_pct"": 89.55, ""margin_buy"": {""raw"": 339519949.0, ""pct"": null}}",
8,heat,stock,002594,2026-06-27,94.54,"{""volatility_pct"": 46.94, ""momentum_pct"": 1.34, ""amount_pct"": 94.54, ""pe_pct"": 19.55, ""pb_pct"": 27.55}",
9,fear,market,MARKET,2026-06-27,86.05,"{""volatility_pct"": 92.18, ""momentum_pct"": 20.08, ""amount_pct"": 51.8, ""limit_chain"": {""raw"": 6, ""pct"": null}, ""limit_count"": {""raw"": 60, ""pct"": null}, ""margin_balance"": {""raw"": 801602446146.0, ""pct"": null}}",
10,greed,market,MARKET,2026-06-27,35.94,"{""volatility_pct"": 92.18, ""momentum_pct"": 20.08, ""amount_pct"": 51.8, ""limit_chain"": {""raw"": 6, ""pct"": null}, ""limit_count"": {""raw"": 60, ""pct"": null}, ""margin_balance"": {""raw"": 801602446146.0, ""pct"": null}}",
11,heat,market,MARKET,2026-06-27,51.8,"{""volatility_pct"": 92.18, ""momentum_pct"": 20.08, ""amount_pct"": 51.8, ""limit_chain"": {""raw"": 6, ""pct"": null}, ""limit_count"": {""raw"": 60, ""pct"": null}, ""margin_balance"": {""raw"": 801602446146.0, ""pct"": null}}",
12,fear,stock,002714,2026-06-27,62.91,"{""volatility_pct"": 48.0, ""momentum_pct"": 42.48, ""amount_pct"": 94.92, ""pe_pct"": 53.76, ""pb_pct"": 0.14}",
13,greed,stock,002714,2026-06-27,47.82,"{""volatility_pct"": 48.0, ""momentum_pct"": 42.48, ""amount_pct"": 94.92, ""pe_pct"": 53.76, ""pb_pct"": 0.14}",
14,heat,stock,002714,2026-06-27,94.92,"{""volatility_pct"": 48.0, ""momentum_pct"": 42.48, ""amount_pct"": 94.92, ""pe_pct"": 53.76, ""pb_pct"": 0.14}",
15,fear,stock,003816,2026-06-27,54.63,"{""volatility_pct"": 74.81, ""momentum_pct"": 8.51, ""amount_pct"": 47.58, ""pe_pct"": 87.7, ""pb_pct"": 60.09}",
16,greed,stock,003816,2026-06-27,50.97,"{""volatility_pct"": 74.81, ""momentum_pct"": 8.51, ""amount_pct"": 47.58, ""pe_pct"": 87.7, ""pb_pct"": 60.09}",
17,heat,stock,003816,2026-06-27,47.58,"{""volatility_pct"": 74.81, ""momentum_pct"": 8.51, ""amount_pct"": 47.58, ""pe_pct"": 87.7, ""pb_pct"": 60.09}",
18,fear,stock,562500,2026-06-27,82.41,"{""volatility_pct"": 75.12, ""momentum_pct"": 10.3, ""amount_pct"": 76.72, ""fund_flow_main"": {""raw"": 17997688.0, ""pct"": null}, ""margin_buy"": {""raw"": 49514379.0, ""pct"": null}}",
19,greed,stock,562500,2026-06-27,43.51,"{""volatility_pct"": 75.12, ""momentum_pct"": 10.3, ""amount_pct"": 76.72, ""fund_flow_main"": {""raw"": 17997688.0, ""pct"": null}, ""margin_buy"": {""raw"": 49514379.0, ""pct"": null}}",
20,heat,stock,562500,2026-06-27,76.72,"{""volatility_pct"": 75.12, ""momentum_pct"": 10.3, ""amount_pct"": 76.72, ""fund_flow_main"": {""raw"": 17997688.0, ""pct"": null}, ""margin_buy"": {""raw"": 49514379.0, ""pct"": null}}",
21,fear,stock,601919,2026-06-27,62.61,"{""volatility_pct"": 46.17, ""momentum_pct"": 31.04, ""amount_pct"": 43.33, ""fund_flow_main"": {""raw"": -90999602.0, ""pct"": null}, ""margin_buy"": {""raw"": 57936673.0, ""pct"": null}, ""pe_pct"": 51.93, ""pb_pct"": 12.78}",
22,greed,stock,601919,2026-06-27,34.77,"{""volatility_pct"": 46.17, ""momentum_pct"": 31.04, ""amount_pct"": 43.33, ""fund_flow_main"": {""raw"": -90999602.0, ""pct"": null}, ""margin_buy"": {""raw"": 57936673.0, ""pct"": null}, ""pe_pct"": 51.93, ""pb_pct"": 12.78}",
23,heat,stock,601919,2026-06-27,43.33,"{""volatility_pct"": 46.17, ""momentum_pct"": 31.04, ""amount_pct"": 43.33, ""fund_flow_main"": {""raw"": -90999602.0, ""pct"": null}, ""margin_buy"": {""raw"": 57936673.0, ""pct"": null}, ""pe_pct"": 51.93, ""pb_pct"": 12.78}",
24,fear,stock,515450,2026-06-27,65.82,"{""volatility_pct"": 37.93, ""momentum_pct"": 6.29, ""amount_pct"": 95.0, ""fund_flow_main"": {""raw"": -9033437.0, ""pct"": null}, ""margin_buy"": {""raw"": 20578853.0, ""pct"": null}}",
25,greed,stock,515450,2026-06-27,50.65,"{""volatility_pct"": 37.93, ""momentum_pct"": 6.29, ""amount_pct"": 95.0, ""fund_flow_main"": {""raw"": -9033437.0, ""pct"": null}, ""margin_buy"": {""raw"": 20578853.0, ""pct"": null}}",
26,heat,stock,515450,2026-06-27,95.0,"{""volatility_pct"": 37.93, ""momentum_pct"": 6.29, ""amount_pct"": 95.0, ""fund_flow_main"": {""raw"": -9033437.0, ""pct"": null}, ""margin_buy"": {""raw"": 20578853.0, ""pct"": null}}",
27,fear,stock,000725,2026-06-27,34.94,"{""volatility_pct"": 98.63, ""momentum_pct"": 98.56, ""amount_pct"": 99.84, ""pe_pct"": 73.49, ""pb_pct"": 86.81}",
28,greed,stock,000725,2026-06-27,89.67,"{""volatility_pct"": 98.63, ""momentum_pct"": 98.56, ""amount_pct"": 99.84, ""pe_pct"": 73.49, ""pb_pct"": 86.81}",
29,heat,stock,000725,2026-06-27,99.84,"{""volatility_pct"": 98.63, ""momentum_pct"": 98.56, ""amount_pct"": 99.84, ""pe_pct"": 73.49, ""pb_pct"": 86.81}",
30,fear,stock,588870,2026-06-27,54.95,"{""volatility_pct"": 88.63, ""momentum_pct"": 78.72, ""amount_pct"": 91.2, ""fund_flow_main"": {""raw"": 5471347.0, ""pct"": null}}",
31,greed,stock,588870,2026-06-27,84.96,"{""volatility_pct"": 88.63, ""momentum_pct"": 78.72, ""amount_pct"": 91.2, ""fund_flow_main"": {""raw"": 5471347.0, ""pct"": null}}",
32,heat,stock,588870,2026-06-27,91.2,"{""volatility_pct"": 88.63, ""momentum_pct"": 78.72, ""amount_pct"": 91.2, ""fund_flow_main"": {""raw"": 5471347.0, ""pct"": null}}",
33,fear,stock,601899,2026-06-27,83.98,"{""volatility_pct"": 97.54, ""momentum_pct"": 0.37, ""amount_pct"": 92.06, ""fund_flow_main"": {""raw"": 5254784.0, ""pct"": null}, ""margin_buy"": {""raw"": 656009963.0, ""pct"": null}, ""pe_pct"": 1.62, ""pb_pct"": 59.64}",
34,greed,stock,601899,2026-06-27,38.42,"{""volatility_pct"": 97.54, ""momentum_pct"": 0.37, ""amount_pct"": 92.06, ""fund_flow_main"": {""raw"": 5254784.0, ""pct"": null}, ""margin_buy"": {""raw"": 656009963.0, ""pct"": null}, ""pe_pct"": 1.62, ""pb_pct"": 59.64}",
35,heat,stock,601899,2026-06-27,92.06,"{""volatility_pct"": 97.54, ""momentum_pct"": 0.37, ""amount_pct"": 92.06, ""fund_flow_main"": {""raw"": 5254784.0, ""pct"": null}, ""margin_buy"": {""raw"": 656009963.0, ""pct"": null}, ""pe_pct"": 1.62, ""pb_pct"": 59.64}",
36,fear,stock,600900,2026-06-27,56.48,"{""volatility_pct"": 50.71, ""momentum_pct"": 28.34, ""amount_pct"": 93.06, ""fund_flow_main"": {""raw"": -184865832.0, ""pct"": null}, ""margin_buy"": {""raw"": 231335719.0, ""pct"": null}, ""pe_pct"": 40.48, ""pb_pct"": 55.99}",
37,greed,stock,600900,2026-06-27,54.47,"{""volatility_pct"": 50.71, ""momentum_pct"": 28.34, ""amount_pct"": 93.06, ""fund_flow_main"": {""raw"": -184865832.0, ""pct"": null}, ""margin_buy"": {""raw"": 231335719.0, ""pct"": null}, ""pe_pct"": 40.48, ""pb_pct"": 55.99}",
38,heat,stock,600900,2026-06-27,93.06,"{""volatility_pct"": 50.71, ""momentum_pct"": 28.34, ""amount_pct"": 93.06, ""fund_flow_main"": {""raw"": -184865832.0, ""pct"": null}, ""margin_buy"": {""raw"": 231335719.0, ""pct"": null}, ""pe_pct"": 40.48, ""pb_pct"": 55.99}",
39,fear,stock,000625,2026-06-27,63.17,"{""volatility_pct"": 39.59, ""momentum_pct"": 10.73, ""amount_pct"": 11.22, ""pe_pct"": 64.68, ""pb_pct"": 11.51}",
40,greed,stock,000625,2026-06-27,24.54,"{""volatility_pct"": 39.59, ""momentum_pct"": 10.73, ""amount_pct"": 11.22, ""pe_pct"": 64.68, ""pb_pct"": 11.51}",
41,heat,stock,000625,2026-06-27,11.22,"{""volatility_pct"": 39.59, ""momentum_pct"": 10.73, ""amount_pct"": 11.22, ""pe_pct"": 64.68, ""pb_pct"": 11.51}",
42,fear,stock,002236,2026-06-27,72.97,"{""volatility_pct"": 33.6, ""momentum_pct"": 27.1, ""amount_pct"": 56.92, ""pe_pct"": 12.49, ""pb_pct"": 2.15}",
43,greed,stock,002236,2026-06-27,24.66,"{""volatility_pct"": 33.6, ""momentum_pct"": 27.1, ""amount_pct"": 56.92, ""pe_pct"": 12.49, ""pb_pct"": 2.15}",
44,heat,stock,002236,2026-06-27,56.92,"{""volatility_pct"": 33.6, ""momentum_pct"": 27.1, ""amount_pct"": 56.92, ""pe_pct"": 12.49, ""pb_pct"": 2.15}",
45,fear,stock,600519,2026-06-27,58.37,"{""volatility_pct"": 30.35, ""momentum_pct"": 13.61, ""amount_pct"": 68.88, ""fund_flow_main"": {""raw"": -52656848.0, ""pct"": null}, ""margin_buy"": {""raw"": 399270757.0, ""pct"": null}}",
46,greed,stock,600519,2026-06-27,41.24,"{""volatility_pct"": 30.35, ""momentum_pct"": 13.61, ""amount_pct"": 68.88, ""fund_flow_main"": {""raw"": -52656848.0, ""pct"": null}, ""margin_buy"": {""raw"": 399270757.0, ""pct"": null}}",
47,heat,stock,600519,2026-06-27,68.88,"{""volatility_pct"": 30.35, ""momentum_pct"": 13.61, ""amount_pct"": 68.88, ""fund_flow_main"": {""raw"": -52656848.0, ""pct"": null}, ""margin_buy"": {""raw"": 399270757.0, ""pct"": null}}",
48,fear,stock,000858,2026-06-27,75.93,"{""volatility_pct"": 20.27, ""momentum_pct"": 16.32, ""amount_pct"": 40.13, ""fund_flow_main"": {""raw"": 1825893888.0, ""pct"": null}, ""pe_pct"": 0.11, ""pb_pct"": 0.11}",
49,greed,stock,000858,2026-06-27,14.17,"{""volatility_pct"": 20.27, ""momentum_pct"": 16.32, ""amount_pct"": 40.13, ""fund_flow_main"": {""raw"": 1825893888.0, ""pct"": null}, ""pe_pct"": 0.11, ""pb_pct"": 0.11}",
50,heat,stock,000858,2026-06-27,40.13,"{""volatility_pct"": 20.27, ""momentum_pct"": 16.32, ""amount_pct"": 40.13, ""fund_flow_main"": {""raw"": 1825893888.0, ""pct"": null}, ""pe_pct"": 0.11, ""pb_pct"": 0.11}",
51,fear,stock,601318,2026-06-27,77.82,"{""volatility_pct"": 85.97, ""momentum_pct"": 1.27, ""amount_pct"": 94.27, ""fund_flow_main"": {""raw"": -181602912.0, ""pct"": null}, ""margin_buy"": {""raw"": 887953862.0, ""pct"": null}, ""pe_pct"": 26.2, ""pb_pct"": 47.21}",
52,greed,stock,601318,2026-06-27,42.24,"{""volatility_pct"": 85.97, ""momentum_pct"": 1.27, ""amount_pct"": 94.27, ""fund_flow_main"": {""raw"": -181602912.0, ""pct"": null}, ""margin_buy"": {""raw"": 887953862.0, ""pct"": null}, ""pe_pct"": 26.2, ""pb_pct"": 47.21}",
53,heat,stock,601318,2026-06-27,94.27,"{""volatility_pct"": 85.97, ""momentum_pct"": 1.27, ""amount_pct"": 94.27, ""fund_flow_main"": {""raw"": -181602912.0, ""pct"": null}, ""margin_buy"": {""raw"": 887953862.0, ""pct"": null}, ""pe_pct"": 26.2, ""pb_pct"": 47.21}",
54,fear,stock,510300,2026-06-27,94.33,"{""volatility_pct"": 92.03, ""momentum_pct"": 3.38, ""amount_pct"": 51.79, ""fund_flow_main"": {""raw"": 187967008.0, ""pct"": null}, ""margin_buy"": {""raw"": 163152430.0, ""pct"": null}}",
55,greed,stock,510300,2026-06-27,27.59,"{""volatility_pct"": 92.03, ""momentum_pct"": 3.38, ""amount_pct"": 51.79, ""fund_flow_main"": {""raw"": 187967008.0, ""pct"": null}, ""margin_buy"": {""raw"": 163152430.0, ""pct"": null}}",
56,heat,stock,510300,2026-06-27,51.79,"{""volatility_pct"": 92.03, ""momentum_pct"": 3.38, ""amount_pct"": 51.79, ""fund_flow_main"": {""raw"": 187967008.0, ""pct"": null}, ""margin_buy"": {""raw"": 163152430.0, ""pct"": null}}",
57,fear,stock,510500,2026-06-27,81.17,"{""volatility_pct"": 86.72, ""momentum_pct"": 24.38, ""amount_pct"": 86.49, ""fund_flow_main"": {""raw"": 251151696.0, ""pct"": null}, ""margin_buy"": {""raw"": 154802983.0, ""pct"": null}}",
58,greed,stock,510500,2026-06-27,55.43,"{""volatility_pct"": 86.72, ""momentum_pct"": 24.38, ""amount_pct"": 86.49, ""fund_flow_main"": {""raw"": 251151696.0, ""pct"": null}, ""margin_buy"": {""raw"": 154802983.0, ""pct"": null}}",
59,heat,stock,510500,2026-06-27,86.49,"{""volatility_pct"": 86.72, ""momentum_pct"": 24.38, ""amount_pct"": 86.49, ""fund_flow_main"": {""raw"": 251151696.0, ""pct"": null}, ""margin_buy"": {""raw"": 154802983.0, ""pct"": null}}",
60,fear,stock,600886,2026-06-27,62.66,"{""volatility_pct"": 35.35, ""momentum_pct"": 37.25, ""amount_pct"": 79.2, ""fund_flow_main"": {""raw"": 39814253.0, ""pct"": null}, ""margin_buy"": {""raw"": 25322295.0, ""pct"": null}, ""pe_pct"": 39.0, ""pb_pct"": 8.47}",
61,greed,stock,600886,2026-06-27,40.98,"{""volatility_pct"": 35.35, ""momentum_pct"": 37.25, ""amount_pct"": 79.2, ""fund_flow_main"": {""raw"": 39814253.0, ""pct"": null}, ""margin_buy"": {""raw"": 25322295.0, ""pct"": null}, ""pe_pct"": 39.0, ""pb_pct"": 8.47}",
62,heat,stock,600886,2026-06-27,79.2,"{""volatility_pct"": 35.35, ""momentum_pct"": 37.25, ""amount_pct"": 79.2, ""fund_flow_main"": {""raw"": 39814253.0, ""pct"": null}, ""margin_buy"": {""raw"": 25322295.0, ""pct"": null}, ""pe_pct"": 39.0, ""pb_pct"": 8.47}",
63,fear,market,MARKET,2026-06-28,76.31,"{""volatility_pct"": 78.94, ""momentum_pct"": 26.32, ""amount_pct"": 79.7, ""limit_chain"": {""raw"": 6, ""pct"": null}, ""limit_count"": {""raw"": 60, ""pct"": 37.5}, ""margin_balance"": {""raw"": 801602446146.0, ""pct"": null}, ""breadth_up"": {""raw"": 0.14321972443799855, ""pct"": null}, ""breadth_down"": {""raw"": 0.8477157360406091, ""pct"": null}}",
64,greed,market,MARKET,2026-06-28,53.01,"{""volatility_pct"": 78.94, ""momentum_pct"": 26.32, ""amount_pct"": 79.7, ""limit_chain"": {""raw"": 6, ""pct"": null}, ""limit_count"": {""raw"": 60, ""pct"": 37.5}, ""margin_balance"": {""raw"": 801602446146.0, ""pct"": null}, ""breadth_up"": {""raw"": 0.14321972443799855, ""pct"": null}, ""breadth_down"": {""raw"": 0.8477157360406091, ""pct"": null}}",
65,heat,market,MARKET,2026-06-28,58.6,"{""volatility_pct"": 78.94, ""momentum_pct"": 26.32, ""amount_pct"": 79.7, ""limit_chain"": {""raw"": 6, ""pct"": null}, ""limit_count"": {""raw"": 60, ""pct"": 37.5}, ""margin_balance"": {""raw"": 801602446146.0, ""pct"": null}, ""breadth_up"": {""raw"": 0.14321972443799855, ""pct"": null}, ""breadth_down"": {""raw"": 0.8477157360406091, ""pct"": null}}",
66,fear,sector,创业板,2026-06-28,80.39,"{""volatility_pct"": 96.21, ""momentum_pct"": 35.43, ""amount_pct"": 95.04}",
67,greed,sector,创业板,2026-06-28,65.23,"{""volatility_pct"": 96.21, ""momentum_pct"": 35.43, ""amount_pct"": 95.04}",
68,heat,sector,创业板,2026-06-28,95.04,"{""volatility_pct"": 96.21, ""momentum_pct"": 35.43, ""amount_pct"": 95.04}",
69,fear,sector,科创50,2026-06-28,52.61,"{""volatility_pct"": 96.04, ""momentum_pct"": 90.82, ""amount_pct"": 97.83}",
70,greed,sector,科创50,2026-06-28,94.32,"{""volatility_pct"": 96.04, ""momentum_pct"": 90.82, ""amount_pct"": 97.83}",
71,heat,sector,科创50,2026-06-28,97.83,"{""volatility_pct"": 96.04, ""momentum_pct"": 90.82, ""amount_pct"": 97.83}",
72,fear,market,上证指数,2026-06-28,80.33,"{""volatility_pct"": 79.29, ""momentum_pct"": 18.64, ""amount_pct"": 89.96}",
73,greed,market,上证指数,2026-06-28,54.3,"{""volatility_pct"": 79.29, ""momentum_pct"": 18.64, ""amount_pct"": 89.96}",
74,fear,sector,创业板指,2026-06-28,80.76,"{""volatility_pct"": 96.29, ""momentum_pct"": 34.77, ""amount_pct"": 86.93}",
75,greed,sector,创业板指,2026-06-28,60.85,"{""volatility_pct"": 96.29, ""momentum_pct"": 34.77, ""amount_pct"": 86.93}",
76,heat,market,上证指数,2026-06-28,89.96,"{""volatility_pct"": 79.29, ""momentum_pct"": 18.64, ""amount_pct"": 89.96}",
77,heat,sector,创业板指,2026-06-28,86.93,"{""volatility_pct"": 96.29, ""momentum_pct"": 34.77, ""amount_pct"": 86.93}",
78,fear,stock,600519,2026-06-28,80.77,"{""volatility_pct"": 57.71, ""momentum_pct"": 34.03, ""amount_pct"": 68.89, ""fund_flow_main"": {""raw"": -52656848.0, ""pct"": null}, ""margin_buy"": {""raw"": 399270757.0, ""pct"": null}, ""pe_pct"": 0.02, ""pb_pct"": 0.6}",
79,greed,stock,600519,2026-06-28,25.89,"{""volatility_pct"": 57.71, ""momentum_pct"": 34.03, ""amount_pct"": 68.89, ""fund_flow_main"": {""raw"": -52656848.0, ""pct"": null}, ""margin_buy"": {""raw"": 399270757.0, ""pct"": null}, ""pe_pct"": 0.02, ""pb_pct"": 0.6}",
80,heat,stock,600519,2026-06-28,68.89,"{""volatility_pct"": 57.71, ""momentum_pct"": 34.03, ""amount_pct"": 68.89, ""fund_flow_main"": {""raw"": -52656848.0, ""pct"": null}, ""margin_buy"": {""raw"": 399270757.0, ""pct"": null}, ""pe_pct"": 0.02, ""pb_pct"": 0.6}",
81,fear,stock,000858,2026-06-28,69.59,"{""volatility_pct"": 41.46, ""momentum_pct"": 22.76, ""amount_pct"": 40.12, ""fund_flow_main"": {""raw"": 1825893888.0, ""pct"": null}, ""pe_pct"": 40.33, ""pb_pct"": 0.02}",
82,greed,stock,000858,2026-06-28,25.81,"{""volatility_pct"": 41.46, ""momentum_pct"": 22.76, ""amount_pct"": 40.12, ""fund_flow_main"": {""raw"": 1825893888.0, ""pct"": null}, ""pe_pct"": 40.33, ""pb_pct"": 0.02}",
83,heat,stock,000858,2026-06-28,40.12,"{""volatility_pct"": 41.46, ""momentum_pct"": 22.76, ""amount_pct"": 40.12, ""fund_flow_main"": {""raw"": 1825893888.0, ""pct"": null}, ""pe_pct"": 40.33, ""pb_pct"": 0.02}",
84,fear,stock,600036,2026-06-28,74.6,"{""volatility_pct"": 30.63, ""momentum_pct"": 17.9, ""amount_pct"": 5.43, ""fund_flow_main"": {""raw"": -155222164.0, ""pct"": null}, ""margin_buy"": {""raw"": 327916159.0, ""pct"": null}, ""pe_pct"": 12.99, ""pb_pct"": 1.33}",
85,greed,stock,600036,2026-06-28,9.41,"{""volatility_pct"": 30.63, ""momentum_pct"": 17.9, ""amount_pct"": 5.43, ""fund_flow_main"": {""raw"": -155222164.0, ""pct"": null}, ""margin_buy"": {""raw"": 327916159.0, ""pct"": null}, ""pe_pct"": 12.99, ""pb_pct"": 1.33}",
86,heat,stock,600036,2026-06-28,5.43,"{""volatility_pct"": 30.63, ""momentum_pct"": 17.9, ""amount_pct"": 5.43, ""fund_flow_main"": {""raw"": -155222164.0, ""pct"": null}, ""margin_buy"": {""raw"": 327916159.0, ""pct"": null}, ""pe_pct"": 12.99, ""pb_pct"": 1.33}",
87,fear,stock,601318,2026-06-28,91.81,"{""volatility_pct"": 87.12, ""momentum_pct"": 14.77, ""amount_pct"": 94.3, ""fund_flow_main"": {""raw"": -181602912.0, ""pct"": null}, ""margin_buy"": {""raw"": 887953862.0, ""pct"": null}, ""pe_pct"": 0.1, ""pb_pct"": 4.99}",
88,greed,stock,601318,2026-06-28,28.54,"{""volatility_pct"": 87.12, ""momentum_pct"": 14.77, ""amount_pct"": 94.3, ""fund_flow_main"": {""raw"": -181602912.0, ""pct"": null}, ""margin_buy"": {""raw"": 887953862.0, ""pct"": null}, ""pe_pct"": 0.1, ""pb_pct"": 4.99}",
89,heat,stock,601318,2026-06-28,94.3,"{""volatility_pct"": 87.12, ""momentum_pct"": 14.77, ""amount_pct"": 94.3, ""fund_flow_main"": {""raw"": -181602912.0, ""pct"": null}, ""margin_buy"": {""raw"": 887953862.0, ""pct"": null}, ""pe_pct"": 0.1, ""pb_pct"": 4.99}",
90,fear,stock,HK00700,2026-06-28,85.91,"{""volatility_pct"": 82.11, ""momentum_pct"": 10.28, ""amount_pct"": 82.56}",
91,greed,stock,HK00700,2026-06-28,46.42,"{""volatility_pct"": 82.11, ""momentum_pct"": 10.28, ""amount_pct"": 82.56}",
92,heat,stock,HK00700,2026-06-28,82.56,"{""volatility_pct"": 82.11, ""momentum_pct"": 10.28, ""amount_pct"": 82.56}",
93,fear,stock,HK09988,2026-06-28,73.04,"{""volatility_pct"": 48.07, ""momentum_pct"": 1.99, ""amount_pct"": 96.32}",
94,greed,stock,HK09988,2026-06-28,49.15,"{""volatility_pct"": 48.07, ""momentum_pct"": 1.99, ""amount_pct"": 96.32}",
95,heat,stock,HK09988,2026-06-28,96.32,"{""volatility_pct"": 48.07, ""momentum_pct"": 1.99, ""amount_pct"": 96.32}",
102,fear,stock,510300,2026-06-28,82.61,"{""volatility_pct"": 89.71, ""momentum_pct"": 24.49, ""amount_pct"": 89.91, ""fund_flow_main"": {""raw"": 187967008.0, ""pct"": null}, ""margin_buy"": {""raw"": 163152430.0, ""pct"": null}}",
103,greed,stock,510300,2026-06-28,57.2,"{""volatility_pct"": 89.71, ""momentum_pct"": 24.49, ""amount_pct"": 89.91, ""fund_flow_main"": {""raw"": 187967008.0, ""pct"": null}, ""margin_buy"": {""raw"": 163152430.0, ""pct"": null}}",
104,heat,stock,510300,2026-06-28,89.91,"{""volatility_pct"": 89.71, ""momentum_pct"": 24.49, ""amount_pct"": 89.91, ""fund_flow_main"": {""raw"": 187967008.0, ""pct"": null}, ""margin_buy"": {""raw"": 163152430.0, ""pct"": null}}",
105,fear,stock,510500,2026-06-28,68.16,"{""volatility_pct"": 88.71, ""momentum_pct"": 52.39, ""amount_pct"": 86.52, ""fund_flow_main"": {""raw"": 251151696.0, ""pct"": null}, ""margin_buy"": {""raw"": 154802983.0, ""pct"": null}}",
106,greed,stock,510500,2026-06-28,69.45,"{""volatility_pct"": 88.71, ""momentum_pct"": 52.39, ""amount_pct"": 86.52, ""fund_flow_main"": {""raw"": 251151696.0, ""pct"": null}, ""margin_buy"": {""raw"": 154802983.0, ""pct"": null}}",
107,heat,stock,510500,2026-06-28,86.52,"{""volatility_pct"": 88.71, ""momentum_pct"": 52.39, ""amount_pct"": 86.52, ""fund_flow_main"": {""raw"": 251151696.0, ""pct"": null}, ""margin_buy"": {""raw"": 154802983.0, ""pct"": null}}",
108,fear,stock,002594,2026-06-28,72.77,"{""volatility_pct"": 39.38, ""momentum_pct"": 1.19, ""amount_pct"": 9.05, ""pe_pct"": 19.56, ""pb_pct"": 27.57}",
109,greed,stock,002594,2026-06-28,14.34,"{""volatility_pct"": 39.38, ""momentum_pct"": 1.19, ""amount_pct"": 9.05, ""pe_pct"": 19.56, ""pb_pct"": 27.57}",
110,heat,stock,002594,2026-06-28,9.05,"{""volatility_pct"": 39.38, ""momentum_pct"": 1.19, ""amount_pct"": 9.05, ""pe_pct"": 19.56, ""pb_pct"": 27.57}",
111,fear,stock,002714,2026-06-28,63.14,"{""volatility_pct"": 58.96, ""momentum_pct"": 52.47, ""amount_pct"": 94.96, ""pe_pct"": 53.79, ""pb_pct"": 0.14}",
112,greed,stock,002714,2026-06-28,50.34,"{""volatility_pct"": 58.96, ""momentum_pct"": 52.47, ""amount_pct"": 94.96, ""pe_pct"": 53.79, ""pb_pct"": 0.14}",
113,heat,stock,002714,2026-06-28,94.96,"{""volatility_pct"": 58.96, ""momentum_pct"": 52.47, ""amount_pct"": 94.96, ""pe_pct"": 53.79, ""pb_pct"": 0.14}",
114,fear,stock,003816,2026-06-28,54.92,"{""volatility_pct"": 77.79, ""momentum_pct"": 10.33, ""amount_pct"": 47.58, ""pe_pct"": 87.7, ""pb_pct"": 60.09}",
115,greed,stock,003816,2026-06-28,51.43,"{""volatility_pct"": 77.79, ""momentum_pct"": 10.33, ""amount_pct"": 47.58, ""pe_pct"": 87.7, ""pb_pct"": 60.09}",
116,heat,stock,003816,2026-06-28,47.58,"{""volatility_pct"": 77.79, ""momentum_pct"": 10.33, ""amount_pct"": 47.58, ""pe_pct"": 87.7, ""pb_pct"": 60.09}",
117,fear,stock,562500,2026-06-28,88.12,"{""volatility_pct"": 81.85, ""momentum_pct"": 5.6, ""amount_pct"": 76.75, ""fund_flow_main"": {""raw"": 17997688.0, ""pct"": null}, ""margin_buy"": {""raw"": 49514379.0, ""pct"": null}}",
118,greed,stock,562500,2026-06-28,41.17,"{""volatility_pct"": 81.85, ""momentum_pct"": 5.6, ""amount_pct"": 76.75, ""fund_flow_main"": {""raw"": 17997688.0, ""pct"": null}, ""margin_buy"": {""raw"": 49514379.0, ""pct"": null}}",
119,heat,stock,562500,2026-06-28,76.75,"{""volatility_pct"": 81.85, ""momentum_pct"": 5.6, ""amount_pct"": 76.75, ""fund_flow_main"": {""raw"": 17997688.0, ""pct"": null}, ""margin_buy"": {""raw"": 49514379.0, ""pct"": null}}",
120,fear,stock,601919,2026-06-28,57.48,"{""volatility_pct"": 46.12, ""momentum_pct"": 51.48, ""amount_pct"": 43.32, ""fund_flow_main"": {""raw"": -90999602.0, ""pct"": null}, ""margin_buy"": {""raw"": 57936673.0, ""pct"": null}, ""pe_pct"": 51.93, ""pb_pct"": 12.79}",
121,greed,stock,601919,2026-06-28,39.88,"{""volatility_pct"": 46.12, ""momentum_pct"": 51.48, ""amount_pct"": 43.32, ""fund_flow_main"": {""raw"": -90999602.0, ""pct"": null}, ""margin_buy"": {""raw"": 57936673.0, ""pct"": null}, ""pe_pct"": 51.93, ""pb_pct"": 12.79}",
122,heat,stock,601919,2026-06-28,43.32,"{""volatility_pct"": 46.12, ""momentum_pct"": 51.48, ""amount_pct"": 43.32, ""fund_flow_main"": {""raw"": -90999602.0, ""pct"": null}, ""margin_buy"": {""raw"": 57936673.0, ""pct"": null}, ""pe_pct"": 51.93, ""pb_pct"": 12.79}",
123,fear,stock,515450,2026-06-28,68.4,"{""volatility_pct"": 44.21, ""momentum_pct"": 7.41, ""amount_pct"": 95.04, ""fund_flow_main"": {""raw"": -9033437.0, ""pct"": null}, ""margin_buy"": {""raw"": 20578853.0, ""pct"": null}}",
124,greed,stock,515450,2026-06-28,51.23,"{""volatility_pct"": 44.21, ""momentum_pct"": 7.41, ""amount_pct"": 95.04, ""fund_flow_main"": {""raw"": -9033437.0, ""pct"": null}, ""margin_buy"": {""raw"": 20578853.0, ""pct"": null}}",
125,heat,stock,515450,2026-06-28,95.04,"{""volatility_pct"": 44.21, ""momentum_pct"": 7.41, ""amount_pct"": 95.04, ""fund_flow_main"": {""raw"": -9033437.0, ""pct"": null}, ""margin_buy"": {""raw"": 20578853.0, ""pct"": null}}",
126,fear,stock,000725,2026-06-28,34.91,"{""volatility_pct"": 99.21, ""momentum_pct"": 99.22, ""amount_pct"": 99.88, ""pe_pct"": 73.53, ""pb_pct"": 86.8}",
127,greed,stock,000725,2026-06-28,89.86,"{""volatility_pct"": 99.21, ""momentum_pct"": 99.22, ""amount_pct"": 99.88, ""pe_pct"": 73.53, ""pb_pct"": 86.8}",
128,heat,stock,000725,2026-06-28,99.88,"{""volatility_pct"": 99.21, ""momentum_pct"": 99.22, ""amount_pct"": 99.88, ""pe_pct"": 73.53, ""pb_pct"": 86.8}",
129,fear,stock,588870,2026-06-28,54.04,"{""volatility_pct"": 93.59, ""momentum_pct"": 85.52, ""amount_pct"": 91.32, ""fund_flow_main"": {""raw"": 5471347.0, ""pct"": null}}",
130,greed,stock,588870,2026-06-28,88.42,"{""volatility_pct"": 93.59, ""momentum_pct"": 85.52, ""amount_pct"": 91.32, ""fund_flow_main"": {""raw"": 5471347.0, ""pct"": null}}",
131,heat,stock,588870,2026-06-28,91.32,"{""volatility_pct"": 93.59, ""momentum_pct"": 85.52, ""amount_pct"": 91.32, ""fund_flow_main"": {""raw"": 5471347.0, ""pct"": null}}",
132,fear,stock,601899,2026-06-28,83.88,"{""volatility_pct"": 97.54, ""momentum_pct"": 0.78, ""amount_pct"": 92.09, ""fund_flow_main"": {""raw"": 5254784.0, ""pct"": null}, ""margin_buy"": {""raw"": 656009963.0, ""pct"": null}, ""pe_pct"": 1.62, ""pb_pct"": 59.63}",
133,greed,stock,601899,2026-06-28,38.53,"{""volatility_pct"": 97.54, ""momentum_pct"": 0.78, ""amount_pct"": 92.09, ""fund_flow_main"": {""raw"": 5254784.0, ""pct"": null}, ""margin_buy"": {""raw"": 656009963.0, ""pct"": null}, ""pe_pct"": 1.62, ""pb_pct"": 59.63}",
134,heat,stock,601899,2026-06-28,92.09,"{""volatility_pct"": 97.54, ""momentum_pct"": 0.78, ""amount_pct"": 92.09, ""fund_flow_main"": {""raw"": 5254784.0, ""pct"": null}, ""margin_buy"": {""raw"": 656009963.0, ""pct"": null}, ""pe_pct"": 1.62, ""pb_pct"": 59.63}",
135,fear,stock,600900,2026-06-28,53.61,"{""volatility_pct"": 59.17, ""momentum_pct"": 48.21, ""amount_pct"": 93.09, ""fund_flow_main"": {""raw"": -184865832.0, ""pct"": null}, ""margin_buy"": {""raw"": 231335719.0, ""pct"": null}, ""pe_pct"": 40.5, ""pb_pct"": 56.01}",
136,greed,stock,600900,2026-06-28,59.45,"{""volatility_pct"": 59.17, ""momentum_pct"": 48.21, ""amount_pct"": 93.09, ""fund_flow_main"": {""raw"": -184865832.0, ""pct"": null}, ""margin_buy"": {""raw"": 231335719.0, ""pct"": null}, ""pe_pct"": 40.5, ""pb_pct"": 56.01}",
137,heat,stock,600900,2026-06-28,93.09,"{""volatility_pct"": 59.17, ""momentum_pct"": 48.21, ""amount_pct"": 93.09, ""fund_flow_main"": {""raw"": -184865832.0, ""pct"": null}, ""margin_buy"": {""raw"": 231335719.0, ""pct"": null}, ""pe_pct"": 40.5, ""pb_pct"": 56.01}",
138,fear,stock,000625,2026-06-28,63.9,"{""volatility_pct"": 39.79, ""momentum_pct"": 8.02, ""amount_pct"": 11.19, ""pe_pct"": 64.67, ""pb_pct"": 11.51}",
139,greed,stock,000625,2026-06-28,23.85,"{""volatility_pct"": 39.79, ""momentum_pct"": 8.02, ""amount_pct"": 11.19, ""pe_pct"": 64.67, ""pb_pct"": 11.51}",
140,heat,stock,000625,2026-06-28,11.19,"{""volatility_pct"": 39.79, ""momentum_pct"": 8.02, ""amount_pct"": 11.19, ""pe_pct"": 64.67, ""pb_pct"": 11.51}",
141,fear,stock,002236,2026-06-28,72.66,"{""volatility_pct"": 42.54, ""momentum_pct"": 37.24, ""amount_pct"": 56.93, ""pe_pct"": 12.5, ""pb_pct"": 2.16}",
142,greed,stock,002236,2026-06-28,27.21,"{""volatility_pct"": 42.54, ""momentum_pct"": 37.24, ""amount_pct"": 56.93, ""pe_pct"": 12.5, ""pb_pct"": 2.16}",
143,heat,stock,002236,2026-06-28,56.93,"{""volatility_pct"": 42.54, ""momentum_pct"": 37.24, ""amount_pct"": 56.93, ""pe_pct"": 12.5, ""pb_pct"": 2.16}",
144,fear,stock,600886,2026-06-28,64.99,"{""volatility_pct"": 55.62, ""momentum_pct"": 48.19, ""amount_pct"": 79.22, ""fund_flow_main"": {""raw"": 39814253.0, ""pct"": null}, ""margin_buy"": {""raw"": 25322295.0, ""pct"": null}, ""pe_pct"": 38.98, ""pb_pct"": 8.48}",
145,greed,stock,600886,2026-06-28,43.72,"{""volatility_pct"": 55.62, ""momentum_pct"": 48.19, ""amount_pct"": 79.22, ""fund_flow_main"": {""raw"": 39814253.0, ""pct"": null}, ""margin_buy"": {""raw"": 25322295.0, ""pct"": null}, ""pe_pct"": 38.98, ""pb_pct"": 8.48}",
146,heat,stock,600886,2026-06-28,79.22,"{""volatility_pct"": 55.62, ""momentum_pct"": 48.19, ""amount_pct"": 79.22, ""fund_flow_main"": {""raw"": 39814253.0, ""pct"": null}, ""margin_buy"": {""raw"": 25322295.0, ""pct"": null}, ""pe_pct"": 38.98, ""pb_pct"": 8.48}",
147,fear,stock,000333,2026-06-28,60.97,"{""volatility_pct"": 47.62, ""momentum_pct"": 55.93, ""amount_pct"": 92.01, ""pe_pct"": 36.56, ""pb_pct"": 11.23}",
148,greed,stock,000333,2026-06-28,48.93,"{""volatility_pct"": 47.62, ""momentum_pct"": 55.93, ""amount_pct"": 92.01, ""pe_pct"": 36.56, ""pb_pct"": 11.23}",
149,heat,stock,000333,2026-06-28,92.01,"{""volatility_pct"": 47.62, ""momentum_pct"": 55.93, ""amount_pct"": 92.01, ""pe_pct"": 36.56, ""pb_pct"": 11.23}",
150,fear,stock,002027,2026-06-28,71.53,"{""volatility_pct"": 32.12, ""momentum_pct"": 13.7, ""amount_pct"": 57.5, ""pe_pct"": 27.98, ""pb_pct"": 4.33}",
151,greed,stock,002027,2026-06-28,25.88,"{""volatility_pct"": 32.12, ""momentum_pct"": 13.7, ""amount_pct"": 57.5, ""pe_pct"": 27.98, ""pb_pct"": 4.33}",
152,heat,stock,002027,2026-06-28,57.5,"{""volatility_pct"": 32.12, ""momentum_pct"": 13.7, ""amount_pct"": 57.5, ""pe_pct"": 27.98, ""pb_pct"": 4.33}",
153,fear,stock,002371,2026-06-28,36.11,"{""volatility_pct"": 68.21, ""momentum_pct"": 95.1, ""amount_pct"": 99.3, ""pe_pct"": 43.37, ""pb_pct"": 85.32}",
154,greed,stock,002371,2026-06-28,80.77,"{""volatility_pct"": 68.21, ""momentum_pct"": 95.1, ""amount_pct"": 99.3, ""pe_pct"": 43.37, ""pb_pct"": 85.32}",
155,heat,stock,002371,2026-06-28,99.3,"{""volatility_pct"": 68.21, ""momentum_pct"": 95.1, ""amount_pct"": 99.3, ""pe_pct"": 43.37, ""pb_pct"": 85.32}",
156,fear,stock,002475,2026-06-28,69.31,"{""volatility_pct"": 97.46, ""momentum_pct"": 30.74, ""amount_pct"": 99.55, ""pe_pct"": 38.32, ""pb_pct"": 51.17}",
157,greed,stock,002475,2026-06-28,54.95,"{""volatility_pct"": 97.46, ""momentum_pct"": 30.74, ""amount_pct"": 99.55, ""pe_pct"": 38.32, ""pb_pct"": 51.17}",
158,heat,stock,002475,2026-06-28,99.55,"{""volatility_pct"": 97.46, ""momentum_pct"": 30.74, ""amount_pct"": 99.55, ""pe_pct"": 38.32, ""pb_pct"": 51.17}",
159,fear,stock,300059,2026-06-28,71.26,"{""volatility_pct"": 93.88, ""momentum_pct"": 93.37, ""amount_pct"": 88.81, ""pe_pct"": 5.4, ""pb_pct"": 10.08}",
160,greed,stock,300059,2026-06-28,49.41,"{""volatility_pct"": 93.88, ""momentum_pct"": 93.37, ""amount_pct"": 88.81, ""pe_pct"": 5.4, ""pb_pct"": 10.08}",
161,heat,stock,300059,2026-06-28,88.81,"{""volatility_pct"": 93.88, ""momentum_pct"": 93.37, ""amount_pct"": 88.81, ""pe_pct"": 5.4, ""pb_pct"": 10.08}",
162,fear,stock,300308,2026-06-28,46.85,"{""volatility_pct"": 74.04, ""momentum_pct"": 9.18, ""amount_pct"": 99.71, ""pe_pct"": 78.55, ""pb_pct"": 98.91}",
163,greed,stock,300308,2026-06-28,71.59,"{""volatility_pct"": 74.04, ""momentum_pct"": 9.18, ""amount_pct"": 99.71, ""pe_pct"": 78.55, ""pb_pct"": 98.91}",
164,heat,stock,300308,2026-06-28,99.71,"{""volatility_pct"": 74.04, ""momentum_pct"": 9.18, ""amount_pct"": 99.71, ""pe_pct"": 78.55, ""pb_pct"": 98.91}",
165,fear,stock,300502,2026-06-28,41.15,"{""volatility_pct"": 76.62, ""momentum_pct"": 36.01, ""amount_pct"": 99.71, ""pe_pct"": 76.38, ""pb_pct"": 99.65}",
166,greed,stock,300502,2026-06-28,77.94,"{""volatility_pct"": 76.62, ""momentum_pct"": 36.01, ""amount_pct"": 99.71, ""pe_pct"": 76.38, ""pb_pct"": 99.65}",
167,heat,stock,300502,2026-06-28,99.71,"{""volatility_pct"": 76.62, ""momentum_pct"": 36.01, ""amount_pct"": 99.71, ""pe_pct"": 76.38, ""pb_pct"": 99.65}",
168,fear,stock,300750,2026-06-28,70.6,"{""volatility_pct"": 60.88, ""momentum_pct"": 30.25, ""amount_pct"": 97.42, ""pe_pct"": 18.12, ""pb_pct"": 30.11}",
169,greed,stock,300750,2026-06-28,43.98,"{""volatility_pct"": 60.88, ""momentum_pct"": 30.25, ""amount_pct"": 97.42, ""pe_pct"": 18.12, ""pb_pct"": 30.11}",
170,heat,stock,300750,2026-06-28,97.42,"{""volatility_pct"": 60.88, ""momentum_pct"": 30.25, ""amount_pct"": 97.42, ""pe_pct"": 18.12, ""pb_pct"": 30.11}",
171,fear,stock,300760,2026-06-28,83.17,"{""volatility_pct"": 48.62, ""momentum_pct"": 15.84, ""amount_pct"": 66.35, ""pe_pct"": 0.08, ""pb_pct"": 0.03}",
172,greed,stock,300760,2026-06-28,20.57,"{""volatility_pct"": 48.62, ""momentum_pct"": 15.84, ""amount_pct"": 66.35, ""pe_pct"": 0.08, ""pb_pct"": 0.03}",
173,heat,stock,300760,2026-06-28,66.35,"{""volatility_pct"": 48.62, ""momentum_pct"": 15.84, ""amount_pct"": 66.35, ""pe_pct"": 0.08, ""pb_pct"": 0.03}",
174,fear,stock,600030,2026-06-28,65.11,"{""volatility_pct"": 91.67, ""momentum_pct"": 89.04, ""amount_pct"": 95.76, ""fund_flow_main"": {""raw"": -218544592.0, ""pct"": null}, ""margin_buy"": {""raw"": 904273239.0, ""pct"": null}, ""pe_pct"": 4.95, ""pb_pct"": 37.25}",
175,greed,stock,600030,2026-06-28,56.75,"{""volatility_pct"": 91.67, ""momentum_pct"": 89.04, ""amount_pct"": 95.76, ""fund_flow_main"": {""raw"": -218544592.0, ""pct"": null}, ""margin_buy"": {""raw"": 904273239.0, ""pct"": null}, ""pe_pct"": 4.95, ""pb_pct"": 37.25}",
176,heat,stock,600030,2026-06-28,95.76,"{""volatility_pct"": 91.67, ""momentum_pct"": 89.04, ""amount_pct"": 95.76, ""fund_flow_main"": {""raw"": -218544592.0, ""pct"": null}, ""margin_buy"": {""raw"": 904273239.0, ""pct"": null}, ""pe_pct"": 4.95, ""pb_pct"": 37.25}",
177,fear,stock,600276,2026-06-28,75.06,"{""volatility_pct"": 59.38, ""momentum_pct"": 56.34, ""amount_pct"": 87.66, ""fund_flow_main"": {""raw"": -280056163.0, ""pct"": null}, ""margin_buy"": {""raw"": 348746409.0, ""pct"": null}, ""pe_pct"": 2.03, ""pb_pct"": 0.76}",
178,greed,stock,600276,2026-06-28,36.7,"{""volatility_pct"": 59.38, ""momentum_pct"": 56.34, ""amount_pct"": 87.66, ""fund_flow_main"": {""raw"": -280056163.0, ""pct"": null}, ""margin_buy"": {""raw"": 348746409.0, ""pct"": null}, ""pe_pct"": 2.03, ""pb_pct"": 0.76}",
179,heat,stock,600276,2026-06-28,87.66,"{""volatility_pct"": 59.38, ""momentum_pct"": 56.34, ""amount_pct"": 87.66, ""fund_flow_main"": {""raw"": -280056163.0, ""pct"": null}, ""margin_buy"": {""raw"": 348746409.0, ""pct"": null}, ""pe_pct"": 2.03, ""pb_pct"": 0.76}",
180,fear,stock,600309,2026-06-28,62.13,"{""volatility_pct"": 96.96, ""momentum_pct"": 82.51, ""amount_pct"": 86.11, ""fund_flow_main"": {""raw"": 18209840.0, ""pct"": null}, ""margin_buy"": {""raw"": 169783950.0, ""pct"": null}, ""pe_pct"": 60.45, ""pb_pct"": 5.48}",
181,greed,stock,600309,2026-06-28,58.64,"{""volatility_pct"": 96.96, ""momentum_pct"": 82.51, ""amount_pct"": 86.11, ""fund_flow_main"": {""raw"": 18209840.0, ""pct"": null}, ""margin_buy"": {""raw"": 169783950.0, ""pct"": null}, ""pe_pct"": 60.45, ""pb_pct"": 5.48}",
182,heat,stock,600309,2026-06-28,86.11,"{""volatility_pct"": 96.96, ""momentum_pct"": 82.51, ""amount_pct"": 86.11, ""fund_flow_main"": {""raw"": 18209840.0, ""pct"": null}, ""margin_buy"": {""raw"": 169783950.0, ""pct"": null}, ""pe_pct"": 60.45, ""pb_pct"": 5.48}",
183,fear,stock,600760,2026-06-28,77.87,"{""volatility_pct"": 61.38, ""momentum_pct"": 37.41, ""amount_pct"": 67.42, ""fund_flow_main"": {""raw"": 79892109.0, ""pct"": null}, ""margin_buy"": {""raw"": 196478442.0, ""pct"": null}, ""pe_pct"": 8.73, ""pb_pct"": 3.76}",
184,greed,stock,600760,2026-06-28,29.33,"{""volatility_pct"": 61.38, ""momentum_pct"": 37.41, ""amount_pct"": 67.42, ""fund_flow_main"": {""raw"": 79892109.0, ""pct"": null}, ""margin_buy"": {""raw"": 196478442.0, ""pct"": null}, ""pe_pct"": 8.73, ""pb_pct"": 3.76}",
185,heat,stock,600760,2026-06-28,67.42,"{""volatility_pct"": 61.38, ""momentum_pct"": 37.41, ""amount_pct"": 67.42, ""fund_flow_main"": {""raw"": 79892109.0, ""pct"": null}, ""margin_buy"": {""raw"": 196478442.0, ""pct"": null}, ""pe_pct"": 8.73, ""pb_pct"": 3.76}",
186,fear,stock,600887,2026-06-28,73.06,"{""volatility_pct"": 50.46, ""momentum_pct"": 55.76, ""amount_pct"": 48.48, ""fund_flow_main"": {""raw"": -21401759.0, ""pct"": null}, ""margin_buy"": {""raw"": 53787234.0, ""pct"": null}, ""pe_pct"": 1.95, ""pb_pct"": 0.51}",
187,greed,stock,600887,2026-06-28,26.67,"{""volatility_pct"": 50.46, ""momentum_pct"": 55.76, ""amount_pct"": 48.48, ""fund_flow_main"": {""raw"": -21401759.0, ""pct"": null}, ""margin_buy"": {""raw"": 53787234.0, ""pct"": null}, ""pe_pct"": 1.95, ""pb_pct"": 0.51}",
188,heat,stock,600887,2026-06-28,48.48,"{""volatility_pct"": 50.46, ""momentum_pct"": 55.76, ""amount_pct"": 48.48, ""fund_flow_main"": {""raw"": -21401759.0, ""pct"": null}, ""margin_buy"": {""raw"": 53787234.0, ""pct"": null}, ""pe_pct"": 1.95, ""pb_pct"": 0.51}",
189,fear,stock,600941,2026-06-28,66.96,"{""volatility_pct"": 21.89, ""momentum_pct"": 4.32, ""amount_pct"": 50.69, ""fund_flow_main"": {""raw"": -200466560.0, ""pct"": null}, ""margin_buy"": {""raw"": 57850663.0, ""pct"": null}, ""pe_pct"": 25.65, ""pb_pct"": 24.08}",
190,greed,stock,600941,2026-06-28,26.18,"{""volatility_pct"": 21.89, ""momentum_pct"": 4.32, ""amount_pct"": 50.69, ""fund_flow_main"": {""raw"": -200466560.0, ""pct"": null}, ""margin_buy"": {""raw"": 57850663.0, ""pct"": null}, ""pe_pct"": 25.65, ""pb_pct"": 24.08}",
191,heat,stock,600941,2026-06-28,50.69,"{""volatility_pct"": 21.89, ""momentum_pct"": 4.32, ""amount_pct"": 50.69, ""fund_flow_main"": {""raw"": -200466560.0, ""pct"": null}, ""margin_buy"": {""raw"": 57850663.0, ""pct"": null}, ""pe_pct"": 25.65, ""pb_pct"": 24.08}",
192,fear,stock,601012,2026-06-28,82.31,"{""volatility_pct"": 80.79, ""momentum_pct"": 45.56, ""amount_pct"": 52.91, ""fund_flow_main"": {""raw"": 5008784.0, ""pct"": null}, ""margin_buy"": {""raw"": 201746485.0, ""pct"": null}, ""pe_pct"": 0.0, ""pb_pct"": 5.97}",
193,greed,stock,601012,2026-06-28,26.11,"{""volatility_pct"": 80.79, ""momentum_pct"": 45.56, ""amount_pct"": 52.91, ""fund_flow_main"": {""raw"": 5008784.0, ""pct"": null}, ""margin_buy"": {""raw"": 201746485.0, ""pct"": null}, ""pe_pct"": 0.0, ""pb_pct"": 5.97}",
194,heat,stock,601012,2026-06-28,52.91,"{""volatility_pct"": 80.79, ""momentum_pct"": 45.56, ""amount_pct"": 52.91, ""fund_flow_main"": {""raw"": 5008784.0, ""pct"": null}, ""margin_buy"": {""raw"": 201746485.0, ""pct"": null}, ""pe_pct"": 0.0, ""pb_pct"": 5.97}",
195,fear,stock,601138,2026-06-28,48.22,"{""volatility_pct"": 83.62, ""momentum_pct"": 4.65, ""amount_pct"": 98.32, ""fund_flow_main"": {""raw"": 1004784912.0, ""pct"": null}, ""margin_buy"": {""raw"": 1916559781.0, ""pct"": null}, ""pe_pct"": 91.98, ""pb_pct"": 94.13}",
196,greed,stock,601138,2026-06-28,72.27,"{""volatility_pct"": 83.62, ""momentum_pct"": 4.65, ""amount_pct"": 98.32, ""fund_flow_main"": {""raw"": 1004784912.0, ""pct"": null}, ""margin_buy"": {""raw"": 1916559781.0, ""pct"": null}, ""pe_pct"": 91.98, ""pb_pct"": 94.13}",
197,heat,stock,601138,2026-06-28,98.32,"{""volatility_pct"": 83.62, ""momentum_pct"": 4.65, ""amount_pct"": 98.32, ""fund_flow_main"": {""raw"": 1004784912.0, ""pct"": null}, ""margin_buy"": {""raw"": 1916559781.0, ""pct"": null}, ""pe_pct"": 91.98, ""pb_pct"": 94.13}",
198,fear,stock,601166,2026-06-28,82.68,"{""volatility_pct"": 66.71, ""momentum_pct"": 16.17, ""amount_pct"": 71.52, ""fund_flow_main"": {""raw"": 66572138.0, ""pct"": null}, ""margin_buy"": {""raw"": 156428578.0, ""pct"": null}, ""pe_pct"": 19.64, ""pb_pct"": 0.18}",
199,greed,stock,601166,2026-06-28,26.88,"{""volatility_pct"": 66.71, ""momentum_pct"": 16.17, ""amount_pct"": 71.52, ""fund_flow_main"": {""raw"": 66572138.0, ""pct"": null}, ""margin_buy"": {""raw"": 156428578.0, ""pct"": null}, ""pe_pct"": 19.64, ""pb_pct"": 0.18}",
200,heat,stock,601166,2026-06-28,71.52,"{""volatility_pct"": 66.71, ""momentum_pct"": 16.17, ""amount_pct"": 71.52, ""fund_flow_main"": {""raw"": 66572138.0, ""pct"": null}, ""margin_buy"": {""raw"": 156428578.0, ""pct"": null}, ""pe_pct"": 19.64, ""pb_pct"": 0.18}",
201,fear,stock,601225,2026-06-28,50.53,"{""volatility_pct"": 66.67, ""momentum_pct"": 11.89, ""amount_pct"": 67.58, ""fund_flow_main"": {""raw"": -84963496.0, ""pct"": null}, ""margin_buy"": {""raw"": 29279807.0, ""pct"": null}, ""pe_pct"": 90.13, ""pb_pct"": 62.54}",
202,greed,stock,601225,2026-06-28,58.03,"{""volatility_pct"": 66.67, ""momentum_pct"": 11.89, ""amount_pct"": 67.58, ""fund_flow_main"": {""raw"": -84963496.0, ""pct"": null}, ""margin_buy"": {""raw"": 29279807.0, ""pct"": null}, ""pe_pct"": 90.13, ""pb_pct"": 62.54}",
203,heat,stock,601225,2026-06-28,67.58,"{""volatility_pct"": 66.67, ""momentum_pct"": 11.89, ""amount_pct"": 67.58, ""fund_flow_main"": {""raw"": -84963496.0, ""pct"": null}, ""margin_buy"": {""raw"": 29279807.0, ""pct"": null}, ""pe_pct"": 90.13, ""pb_pct"": 62.54}",
204,fear,stock,601857,2026-06-28,64.14,"{""volatility_pct"": 51.88, ""momentum_pct"": 14.61, ""amount_pct"": 77.83, ""fund_flow_main"": {""raw"": 4406964.0, ""pct"": null}, ""margin_buy"": {""raw"": 97653342.0, ""pct"": null}, ""pe_pct"": 32.19, ""pb_pct"": 48.5}",
205,greed,stock,601857,2026-06-28,43.28,"{""volatility_pct"": 51.88, ""momentum_pct"": 14.61, ""amount_pct"": 77.83, ""fund_flow_main"": {""raw"": 4406964.0, ""pct"": null}, ""margin_buy"": {""raw"": 97653342.0, ""pct"": null}, ""pe_pct"": 32.19, ""pb_pct"": 48.5}",
206,heat,stock,601857,2026-06-28,77.83,"{""volatility_pct"": 51.88, ""momentum_pct"": 14.61, ""amount_pct"": 77.83, ""fund_flow_main"": {""raw"": 4406964.0, ""pct"": null}, ""margin_buy"": {""raw"": 97653342.0, ""pct"": null}, ""pe_pct"": 32.19, ""pb_pct"": 48.5}",
207,fear,stock,601816,2026-06-28,84.17,"{""volatility_pct"": 67.88, ""momentum_pct"": 31.15, ""amount_pct"": 79.55, ""fund_flow_main"": {""raw"": -17889026.0, ""pct"": null}, ""margin_buy"": {""raw"": 59470871.0, ""pct"": null}, ""pe_pct"": 0.03, ""pb_pct"": 0.03}",
208,greed,stock,601816,2026-06-28,27.69,"{""volatility_pct"": 67.88, ""momentum_pct"": 31.15, ""amount_pct"": 79.55, ""fund_flow_main"": {""raw"": -17889026.0, ""pct"": null}, ""margin_buy"": {""raw"": 59470871.0, ""pct"": null}, ""pe_pct"": 0.03, ""pb_pct"": 0.03}",
209,heat,stock,601816,2026-06-28,79.55,"{""volatility_pct"": 67.88, ""momentum_pct"": 31.15, ""amount_pct"": 79.55, ""fund_flow_main"": {""raw"": -17889026.0, ""pct"": null}, ""margin_buy"": {""raw"": 59470871.0, ""pct"": null}, ""pe_pct"": 0.03, ""pb_pct"": 0.03}",
210,fear,stock,603288,2026-06-28,73.57,"{""volatility_pct"": 67.62, ""momentum_pct"": 73.21, ""amount_pct"": 79.55, ""fund_flow_main"": {""raw"": -29017368.0, ""pct"": null}, ""margin_buy"": {""raw"": 51457903.0, ""pct"": null}, ""pe_pct"": 0.06, ""pb_pct"": 0.06}",
211,greed,stock,603288,2026-06-28,38.22,"{""volatility_pct"": 67.62, ""momentum_pct"": 73.21, ""amount_pct"": 79.55, ""fund_flow_main"": {""raw"": -29017368.0, ""pct"": null}, ""margin_buy"": {""raw"": 51457903.0, ""pct"": null}, ""pe_pct"": 0.06, ""pb_pct"": 0.06}",
212,heat,stock,603288,2026-06-28,79.55,"{""volatility_pct"": 67.62, ""momentum_pct"": 73.21, ""amount_pct"": 79.55, ""fund_flow_main"": {""raw"": -29017368.0, ""pct"": null}, ""margin_buy"": {""raw"": 51457903.0, ""pct"": null}, ""pe_pct"": 0.06, ""pb_pct"": 0.06}",
213,fear,stock,603501,2026-06-28,89.82,"{""volatility_pct"": 90.62, ""momentum_pct"": 26.54, ""amount_pct"": 70.86, ""fund_flow_main"": {""raw"": 19718052.0, ""pct"": null}, ""margin_buy"": {""raw"": 193033098.0, ""pct"": null}, ""pe_pct"": 4.7, ""pb_pct"": 0.11}",
214,greed,stock,603501,2026-06-28,25.55,"{""volatility_pct"": 90.62, ""momentum_pct"": 26.54, ""amount_pct"": 70.86, ""fund_flow_main"": {""raw"": 19718052.0, ""pct"": null}, ""margin_buy"": {""raw"": 193033098.0, ""pct"": null}, ""pe_pct"": 4.7, ""pb_pct"": 0.11}",
215,heat,stock,603501,2026-06-28,70.86,"{""volatility_pct"": 90.62, ""momentum_pct"": 26.54, ""amount_pct"": 70.86, ""fund_flow_main"": {""raw"": 19718052.0, ""pct"": null}, ""margin_buy"": {""raw"": 193033098.0, ""pct"": null}, ""pe_pct"": 4.7, ""pb_pct"": 0.11}",
216,fear,stock,601088,2026-06-28,46.83,"{""volatility_pct"": 69.2, ""momentum_pct"": 14.56, ""amount_pct"": 89.46, ""fund_flow_main"": {""raw"": -8453888.0, ""pct"": null}, ""margin_buy"": {""raw"": 112642800.0, ""pct"": null}, ""pe_pct"": 88.2, ""pb_pct"": 79.13}",
217,greed,stock,601088,2026-06-28,67.84,"{""volatility_pct"": 69.2, ""momentum_pct"": 14.56, ""amount_pct"": 89.46, ""fund_flow_main"": {""raw"": -8453888.0, ""pct"": null}, ""margin_buy"": {""raw"": 112642800.0, ""pct"": null}, ""pe_pct"": 88.2, ""pb_pct"": 79.13}",
218,heat,stock,601088,2026-06-28,89.46,"{""volatility_pct"": 69.2, ""momentum_pct"": 14.56, ""amount_pct"": 89.46, ""fund_flow_main"": {""raw"": -8453888.0, ""pct"": null}, ""margin_buy"": {""raw"": 112642800.0, ""pct"": null}, ""pe_pct"": 88.2, ""pb_pct"": 79.13}",
219,fear,stock,688041,2026-06-28,27.25,"{""volatility_pct"": 80.41, ""momentum_pct"": 72.37, ""amount_pct"": 96.6, ""fund_flow_main"": {""raw"": -246563488.0, ""pct"": null}, ""margin_buy"": {""raw"": 1603929231.0, ""pct"": null}, ""pe_pct"": 99.52, ""pb_pct"": 99.52}",
220,greed,stock,688041,2026-06-28,92.0,"{""volatility_pct"": 80.41, ""momentum_pct"": 72.37, ""amount_pct"": 96.6, ""fund_flow_main"": {""raw"": -246563488.0, ""pct"": null}, ""margin_buy"": {""raw"": 1603929231.0, ""pct"": null}, ""pe_pct"": 99.52, ""pb_pct"": 99.52}",
221,heat,stock,688041,2026-06-28,96.6,"{""volatility_pct"": 80.41, ""momentum_pct"": 72.37, ""amount_pct"": 96.6, ""fund_flow_main"": {""raw"": -246563488.0, ""pct"": null}, ""margin_buy"": {""raw"": 1603929231.0, ""pct"": null}, ""pe_pct"": 99.52, ""pb_pct"": 99.52}",
222,fear,stock,688111,2026-06-28,90.52,"{""volatility_pct"": 72.29, ""momentum_pct"": 10.16, ""amount_pct"": 82.91, ""fund_flow_main"": {""raw"": -95672393.0, ""pct"": null}, ""margin_buy"": {""raw"": 248195553.0, ""pct"": null}, ""pe_pct"": 0.03, ""pb_pct"": 0.03}",
223,greed,stock,688111,2026-06-28,23.28,"{""volatility_pct"": 72.29, ""momentum_pct"": 10.16, ""amount_pct"": 82.91, ""fund_flow_main"": {""raw"": -95672393.0, ""pct"": null}, ""margin_buy"": {""raw"": 248195553.0, ""pct"": null}, ""pe_pct"": 0.03, ""pb_pct"": 0.03}",
224,heat,stock,688111,2026-06-28,82.91,"{""volatility_pct"": 72.29, ""momentum_pct"": 10.16, ""amount_pct"": 82.91, ""fund_flow_main"": {""raw"": -95672393.0, ""pct"": null}, ""margin_buy"": {""raw"": 248195553.0, ""pct"": null}, ""pe_pct"": 0.03, ""pb_pct"": 0.03}",
225,fear,stock,688981,2026-06-28,28.12,"{""volatility_pct"": 91.92, ""momentum_pct"": 87.14, ""amount_pct"": 97.16, ""fund_flow_main"": {""raw"": -74910144.0, ""pct"": null}, ""margin_buy"": {""raw"": 2114882746.0, ""pct"": null}, ""pe_pct"": 97.61, ""pb_pct"": 94.69}",
226,greed,stock,688981,2026-06-28,94.15,"{""volatility_pct"": 91.92, ""momentum_pct"": 87.14, ""amount_pct"": 97.16, ""fund_flow_main"": {""raw"": -74910144.0, ""pct"": null}, ""margin_buy"": {""raw"": 2114882746.0, ""pct"": null}, ""pe_pct"": 97.61, ""pb_pct"": 94.69}",
227,heat,stock,688981,2026-06-28,97.16,"{""volatility_pct"": 91.92, ""momentum_pct"": 87.14, ""amount_pct"": 97.16, ""fund_flow_main"": {""raw"": -74910144.0, ""pct"": null}, ""margin_buy"": {""raw"": 2114882746.0, ""pct"": null}, ""pe_pct"": 97.61, ""pb_pct"": 94.69}",
228,fear,stock,002415,2026-06-28,71.79,"{""volatility_pct"": 89.21, ""momentum_pct"": 80.04, ""amount_pct"": 89.63, ""pe_pct"": 12.34, ""pb_pct"": 9.67}",
229,greed,stock,002415,2026-06-28,47.92,"{""volatility_pct"": 89.21, ""momentum_pct"": 80.04, ""amount_pct"": 89.63, ""pe_pct"": 12.34, ""pb_pct"": 9.67}",
230,heat,stock,002415,2026-06-28,89.63,"{""volatility_pct"": 89.21, ""momentum_pct"": 80.04, ""amount_pct"": 89.63, ""pe_pct"": 12.34, ""pb_pct"": 9.67}",
231,fear,stock,au9999,2026-06-28,93.38,"{""volatility_pct"": 91.97, ""momentum_pct"": 5.22, ""amount_pct"": 0.04}",
232,greed,stock,au9999,2026-06-28,2.63,"{""volatility_pct"": 91.97, ""momentum_pct"": 5.22, ""amount_pct"": 0.04}",
233,heat,stock,au9999,2026-06-28,0.04,"{""volatility_pct"": 91.97, ""momentum_pct"": 5.22, ""amount_pct"": 0.04}",
234,fear,stock,512710,2026-06-28,73.01,"{""volatility_pct"": 64.62, ""momentum_pct"": 18.6, ""amount_pct"": 69.3, ""fund_flow_main"": {""raw"": 175362655.0, ""pct"": null}, ""margin_buy"": {""raw"": 33263940.0, ""pct"": null}}",
235,greed,stock,512710,2026-06-28,43.95,"{""volatility_pct"": 64.62, ""momentum_pct"": 18.6, ""amount_pct"": 69.3, ""fund_flow_main"": {""raw"": 175362655.0, ""pct"": null}, ""margin_buy"": {""raw"": 33263940.0, ""pct"": null}}",
236,heat,stock,512710,2026-06-28,69.3,"{""volatility_pct"": 64.62, ""momentum_pct"": 18.6, ""amount_pct"": 69.3, ""fund_flow_main"": {""raw"": 175362655.0, ""pct"": null}, ""margin_buy"": {""raw"": 33263940.0, ""pct"": null}}",
237,fear,stock,601127,2026-06-28,71.93,"{""volatility_pct"": 15.54, ""momentum_pct"": 15.43, ""amount_pct"": 40.29, ""fund_flow_main"": {""raw"": -200295564.0, ""pct"": null}, ""margin_buy"": {""raw"": 135347322.0, ""pct"": null}, ""pe_pct"": 0.04, ""pb_pct"": 12.34}",
238,greed,stock,601127,2026-06-28,17.02,"{""volatility_pct"": 15.54, ""momentum_pct"": 15.43, ""amount_pct"": 40.29, ""fund_flow_main"": {""raw"": -200295564.0, ""pct"": null}, ""margin_buy"": {""raw"": 135347322.0, ""pct"": null}, ""pe_pct"": 0.04, ""pb_pct"": 12.34}",
239,heat,stock,601127,2026-06-28,40.29,"{""volatility_pct"": 15.54, ""momentum_pct"": 15.43, ""amount_pct"": 40.29, ""fund_flow_main"": {""raw"": -200295564.0, ""pct"": null}, ""margin_buy"": {""raw"": 135347322.0, ""pct"": null}, ""pe_pct"": 0.04, ""pb_pct"": 12.34}",
240,fear,stock,HK01810,2026-06-28,67.23,"{""volatility_pct"": 35.16, ""momentum_pct"": 0.69, ""amount_pct"": 85.48}",
241,greed,stock,HK01810,2026-06-28,43.09,"{""volatility_pct"": 35.16, ""momentum_pct"": 0.69, ""amount_pct"": 85.48}",
242,heat,stock,HK01810,2026-06-28,85.48,"{""volatility_pct"": 35.16, ""momentum_pct"": 0.69, ""amount_pct"": 85.48}",
243,fear,sector,沪深300,2026-06-28,82.61,"{""volatility_pct"": 89.71, ""momentum_pct"": 24.49, ""amount_pct"": 89.91}",
244,greed,sector,沪深300,2026-06-28,57.2,"{""volatility_pct"": 89.71, ""momentum_pct"": 24.49, ""amount_pct"": 89.91}",
245,heat,sector,沪深300,2026-06-28,89.91,"{""volatility_pct"": 89.71, ""momentum_pct"": 24.49, ""amount_pct"": 89.91}",
246,fear,sector,中证500,2026-06-28,68.16,"{""volatility_pct"": 88.71, ""momentum_pct"": 52.39, ""amount_pct"": 86.52}",
247,greed,sector,中证500,2026-06-28,69.45,"{""volatility_pct"": 88.71, ""momentum_pct"": 52.39, ""amount_pct"": 86.52}",
248,heat,sector,中证500,2026-06-28,86.52,"{""volatility_pct"": 88.71, ""momentum_pct"": 52.39, ""amount_pct"": 86.52}",
249,fear,sector,银行,2026-06-28,89.1,"{""volatility_pct"": 87.62, ""momentum_pct"": 9.42, ""amount_pct"": 81.68}",
250,greed,sector,银行,2026-06-28,45.55,"{""volatility_pct"": 87.62, ""momentum_pct"": 9.42, ""amount_pct"": 81.68}",
251,heat,sector,银行,2026-06-28,81.68,"{""volatility_pct"": 87.62, ""momentum_pct"": 9.42, ""amount_pct"": 81.68}",
252,fear,sector,白酒,2026-06-28,66.22,"{""volatility_pct"": 47.54, ""momentum_pct"": 15.1, ""amount_pct"": 57.25}",
253,greed,sector,白酒,2026-06-28,36.17,"{""volatility_pct"": 47.54, ""momentum_pct"": 15.1, ""amount_pct"": 57.25}",
254,heat,sector,白酒,2026-06-28,57.25,"{""volatility_pct"": 47.54, ""momentum_pct"": 15.1, ""amount_pct"": 57.25}",
255,fear,sector,半导体,2026-06-28,50.89,"{""volatility_pct"": 97.96, ""momentum_pct"": 96.17, ""amount_pct"": 97.42, ""sector_flow"": {""raw"": -26207293440.0, ""pct"": null}}",
256,greed,sector,半导体,2026-06-28,96.8,"{""volatility_pct"": 97.96, ""momentum_pct"": 96.17, ""amount_pct"": 97.42, ""sector_flow"": {""raw"": -26207293440.0, ""pct"": null}}",
257,heat,sector,半导体,2026-06-28,97.42,"{""volatility_pct"": 97.96, ""momentum_pct"": 96.17, ""amount_pct"": 97.42, ""sector_flow"": {""raw"": -26207293440.0, ""pct"": null}}",
258,fear,sector,医药,2026-06-28,39.05,"{""volatility_pct"": 62.34, ""momentum_pct"": 84.23, ""amount_pct"": 79.53}",
259,greed,sector,医药,2026-06-28,81.88,"{""volatility_pct"": 62.34, ""momentum_pct"": 84.23, ""amount_pct"": 79.53}",
260,heat,sector,医药,2026-06-28,79.53,"{""volatility_pct"": 62.34, ""momentum_pct"": 84.23, ""amount_pct"": 79.53}",
261,fear,sector,新能源车,2026-06-28,89.22,"{""volatility_pct"": 81.21, ""momentum_pct"": 2.76, ""amount_pct"": 36.52}",
262,greed,sector,新能源车,2026-06-28,19.64,"{""volatility_pct"": 81.21, ""momentum_pct"": 2.76, ""amount_pct"": 36.52}",
263,heat,sector,新能源车,2026-06-28,36.52,"{""volatility_pct"": 81.21, ""momentum_pct"": 2.76, ""amount_pct"": 36.52}",
264,fear,market,MARKET,2026-06-29,78.22,"{""volatility_pct"": 71.88, ""momentum_pct"": 15.43, ""amount_pct"": 95.53, ""limit_chain"": {""raw"": 3, ""pct"": null}, ""limit_count"": {""raw"": 107, ""pct"": 91.67}, ""margin_balance"": {""raw"": 801602446146.0, ""pct"": null}, ""breadth_up"": {""raw"": 0.44785053509885725, ""pct"": null}, ""breadth_down"": {""raw"": 0.5320152367132233, ""pct"": null}}",
265,greed,market,MARKET,2026-06-29,55.48,"{""volatility_pct"": 71.88, ""momentum_pct"": 15.43, ""amount_pct"": 95.53, ""limit_chain"": {""raw"": 3, ""pct"": null}, ""limit_count"": {""raw"": 107, ""pct"": 91.67}, ""margin_balance"": {""raw"": 801602446146.0, ""pct"": null}, ""breadth_up"": {""raw"": 0.44785053509885725, ""pct"": null}, ""breadth_down"": {""raw"": 0.5320152367132233, ""pct"": null}}",
266,heat,market,MARKET,2026-06-29,93.6,"{""volatility_pct"": 71.88, ""momentum_pct"": 15.43, ""amount_pct"": 95.53, ""limit_chain"": {""raw"": 3, ""pct"": null}, ""limit_count"": {""raw"": 107, ""pct"": 91.67}, ""margin_balance"": {""raw"": 801602446146.0, ""pct"": null}, ""breadth_up"": {""raw"": 0.44785053509885725, ""pct"": null}, ""breadth_down"": {""raw"": 0.5320152367132233, ""pct"": null}}",
267,fear,stock,600519,2026-06-29,76.61,"{""volatility_pct"": 41.59, ""momentum_pct"": 34.58, ""amount_pct"": 87.26, ""fund_flow_main"": {""raw"": -52656848.0, ""pct"": null}, ""margin_buy"": {""raw"": 399270757.0, ""pct"": null}, ""pe_pct"": 0.02, ""pb_pct"": 0.55}",
268,greed,stock,600519,2026-06-29,30.6,"{""volatility_pct"": 41.59, ""momentum_pct"": 34.58, ""amount_pct"": 87.26, ""fund_flow_main"": {""raw"": -52656848.0, ""pct"": null}, ""margin_buy"": {""raw"": 399270757.0, ""pct"": null}, ""pe_pct"": 0.02, ""pb_pct"": 0.55}",
269,heat,stock,600519,2026-06-29,87.26,"{""volatility_pct"": 41.59, ""momentum_pct"": 34.58, ""amount_pct"": 87.26, ""fund_flow_main"": {""raw"": -52656848.0, ""pct"": null}, ""margin_buy"": {""raw"": 399270757.0, ""pct"": null}, ""pe_pct"": 0.02, ""pb_pct"": 0.55}",
270,fear,stock,000858,2026-06-29,64.93,"{""volatility_pct"": 23.77, ""momentum_pct"": 23.73, ""amount_pct"": 61.55, ""fund_flow_main"": {""raw"": 1825893888.0, ""pct"": null}, ""pe_pct"": 40.31, ""pb_pct"": 0.02}",
271,greed,stock,000858,2026-06-29,31.4,"{""volatility_pct"": 23.77, ""momentum_pct"": 23.73, ""amount_pct"": 61.55, ""fund_flow_main"": {""raw"": 1825893888.0, ""pct"": null}, ""pe_pct"": 40.31, ""pb_pct"": 0.02}",
272,heat,stock,000858,2026-06-29,61.55,"{""volatility_pct"": 23.77, ""momentum_pct"": 23.73, ""amount_pct"": 61.55, ""fund_flow_main"": {""raw"": 1825893888.0, ""pct"": null}, ""pe_pct"": 40.31, ""pb_pct"": 0.02}",
273,fear,stock,600036,2026-06-29,72.47,"{""volatility_pct"": 22.61, ""momentum_pct"": 18.38, ""amount_pct"": 87.35, ""fund_flow_main"": {""raw"": -155222164.0, ""pct"": null}, ""margin_buy"": {""raw"": 327916159.0, ""pct"": null}, ""pe_pct"": 13.0, ""pb_pct"": 1.33}",
274,greed,stock,600036,2026-06-29,30.01,"{""volatility_pct"": 22.61, ""momentum_pct"": 18.38, ""amount_pct"": 87.35, ""fund_flow_main"": {""raw"": -155222164.0, ""pct"": null}, ""margin_buy"": {""raw"": 327916159.0, ""pct"": null}, ""pe_pct"": 13.0, ""pb_pct"": 1.33}",
275,heat,stock,600036,2026-06-29,87.35,"{""volatility_pct"": 22.61, ""momentum_pct"": 18.38, ""amount_pct"": 87.35, ""fund_flow_main"": {""raw"": -155222164.0, ""pct"": null}, ""margin_buy"": {""raw"": 327916159.0, ""pct"": null}, ""pe_pct"": 13.0, ""pb_pct"": 1.33}",
276,fear,stock,601318,2026-06-29,94.5,"{""volatility_pct"": 88.55, ""momentum_pct"": 5.47, ""amount_pct"": 87.35, ""fund_flow_main"": {""raw"": -181602912.0, ""pct"": null}, ""margin_buy"": {""raw"": 887953862.0, ""pct"": null}, ""pe_pct"": 0.1, ""pb_pct"": 4.99}",
277,greed,stock,601318,2026-06-29,24.48,"{""volatility_pct"": 88.55, ""momentum_pct"": 5.47, ""amount_pct"": 87.35, ""fund_flow_main"": {""raw"": -181602912.0, ""pct"": null}, ""margin_buy"": {""raw"": 887953862.0, ""pct"": null}, ""pe_pct"": 0.1, ""pb_pct"": 4.99}",
278,heat,stock,601318,2026-06-29,87.35,"{""volatility_pct"": 88.55, ""momentum_pct"": 5.47, ""amount_pct"": 87.35, ""fund_flow_main"": {""raw"": -181602912.0, ""pct"": null}, ""margin_buy"": {""raw"": 887953862.0, ""pct"": null}, ""pe_pct"": 0.1, ""pb_pct"": 4.99}",
279,fear,stock,HK00700,2026-06-29,77.05,"{""volatility_pct"": 82.7, ""momentum_pct"": 28.61, ""amount_pct"": 78.21}",
280,greed,stock,HK00700,2026-06-29,53.41,"{""volatility_pct"": 82.7, ""momentum_pct"": 28.61, ""amount_pct"": 78.21}",
281,heat,stock,HK00700,2026-06-29,78.21,"{""volatility_pct"": 82.7, ""momentum_pct"": 28.61, ""amount_pct"": 78.21}",
282,fear,stock,HK09988,2026-06-29,75.27,"{""volatility_pct"": 56.9, ""momentum_pct"": 6.37, ""amount_pct"": 86.7}",
283,greed,stock,HK09988,2026-06-29,46.54,"{""volatility_pct"": 56.9, ""momentum_pct"": 6.37, ""amount_pct"": 86.7}",
284,heat,stock,HK09988,2026-06-29,86.7,"{""volatility_pct"": 56.9, ""momentum_pct"": 6.37, ""amount_pct"": 86.7}",
291,fear,stock,510300,2026-06-29,88.79,"{""volatility_pct"": 89.8, ""momentum_pct"": 12.21, ""amount_pct"": 99.23, ""fund_flow_main"": {""raw"": 187967008.0, ""pct"": null}, ""margin_buy"": {""raw"": 163152430.0, ""pct"": null}}",
292,greed,stock,510300,2026-06-29,55.72,"{""volatility_pct"": 89.8, ""momentum_pct"": 12.21, ""amount_pct"": 99.23, ""fund_flow_main"": {""raw"": 187967008.0, ""pct"": null}, ""margin_buy"": {""raw"": 163152430.0, ""pct"": null}}",
293,heat,stock,510300,2026-06-29,99.23,"{""volatility_pct"": 89.8, ""momentum_pct"": 12.21, ""amount_pct"": 99.23, ""fund_flow_main"": {""raw"": 187967008.0, ""pct"": null}, ""margin_buy"": {""raw"": 163152430.0, ""pct"": null}}",
294,fear,stock,510500,2026-06-29,73.23,"{""volatility_pct"": 86.8, ""momentum_pct"": 40.34, ""amount_pct"": 80.88, ""fund_flow_main"": {""raw"": 251151696.0, ""pct"": null}, ""margin_buy"": {""raw"": 154802983.0, ""pct"": null}}",
295,greed,stock,510500,2026-06-29,60.61,"{""volatility_pct"": 86.8, ""momentum_pct"": 40.34, ""amount_pct"": 80.88, ""fund_flow_main"": {""raw"": 251151696.0, ""pct"": null}, ""margin_buy"": {""raw"": 154802983.0, ""pct"": null}}",
296,heat,stock,510500,2026-06-29,80.88,"{""volatility_pct"": 86.8, ""momentum_pct"": 40.34, ""amount_pct"": 80.88, ""fund_flow_main"": {""raw"": 251151696.0, ""pct"": null}, ""margin_buy"": {""raw"": 154802983.0, ""pct"": null}}",
297,fear,stock,002594,2026-06-29,73.78,"{""volatility_pct"": 45.0, ""momentum_pct"": 2.75, ""amount_pct"": 53.27, ""pe_pct"": 19.57, ""pb_pct"": 27.58}",
298,greed,stock,002594,2026-06-29,25.79,"{""volatility_pct"": 45.0, ""momentum_pct"": 2.75, ""amount_pct"": 53.27, ""pe_pct"": 19.57, ""pb_pct"": 27.58}",
299,heat,stock,002594,2026-06-29,53.27,"{""volatility_pct"": 45.0, ""momentum_pct"": 2.75, ""amount_pct"": 53.27, ""pe_pct"": 19.57, ""pb_pct"": 27.58}",
300,fear,stock,002714,2026-06-29,57.98,"{""volatility_pct"": 75.31, ""momentum_pct"": 89.43, ""amount_pct"": 98.73, ""pe_pct"": 53.81, ""pb_pct"": 0.14}",
301,greed,stock,002714,2026-06-29,60.53,"{""volatility_pct"": 75.31, ""momentum_pct"": 89.43, ""amount_pct"": 98.73, ""pe_pct"": 53.81, ""pb_pct"": 0.14}",
302,heat,stock,002714,2026-06-29,98.73,"{""volatility_pct"": 75.31, ""momentum_pct"": 89.43, ""amount_pct"": 98.73, ""pe_pct"": 53.81, ""pb_pct"": 0.14}",
303,fear,stock,003816,2026-06-29,53.67,"{""volatility_pct"": 76.81, ""momentum_pct"": 14.35, ""amount_pct"": 57.45, ""pe_pct"": 87.7, ""pb_pct"": 60.09}",
304,greed,stock,003816,2026-06-29,54.9,"{""volatility_pct"": 76.81, ""momentum_pct"": 14.35, ""amount_pct"": 57.45, ""pe_pct"": 87.7, ""pb_pct"": 60.09}",
305,heat,stock,003816,2026-06-29,57.45,"{""volatility_pct"": 76.81, ""momentum_pct"": 14.35, ""amount_pct"": 57.45, ""pe_pct"": 87.7, ""pb_pct"": 60.09}",
306,fear,stock,562500,2026-06-29,83.47,"{""volatility_pct"": 75.12, ""momentum_pct"": 8.18, ""amount_pct"": 77.6, ""fund_flow_main"": {""raw"": 17997688.0, ""pct"": null}, ""margin_buy"": {""raw"": 49514379.0, ""pct"": null}}",
307,greed,stock,562500,2026-06-29,42.89,"{""volatility_pct"": 75.12, ""momentum_pct"": 8.18, ""amount_pct"": 77.6, ""fund_flow_main"": {""raw"": 17997688.0, ""pct"": null}, ""margin_buy"": {""raw"": 49514379.0, ""pct"": null}}",
308,heat,stock,562500,2026-06-29,77.6,"{""volatility_pct"": 75.12, ""momentum_pct"": 8.18, ""amount_pct"": 77.6, ""fund_flow_main"": {""raw"": 17997688.0, ""pct"": null}, ""margin_buy"": {""raw"": 49514379.0, ""pct"": null}}",
309,fear,stock,601919,2026-06-29,62.44,"{""volatility_pct"": 46.17, ""momentum_pct"": 31.7, ""amount_pct"": 35.09, ""fund_flow_main"": {""raw"": -90999602.0, ""pct"": null}, ""margin_buy"": {""raw"": 57936673.0, ""pct"": null}, ""pe_pct"": 51.93, ""pb_pct"": 12.79}",
310,greed,stock,601919,2026-06-29,32.88,"{""volatility_pct"": 46.17, ""momentum_pct"": 31.7, ""amount_pct"": 35.09, ""fund_flow_main"": {""raw"": -90999602.0, ""pct"": null}, ""margin_buy"": {""raw"": 57936673.0, ""pct"": null}, ""pe_pct"": 51.93, ""pb_pct"": 12.79}",
311,heat,stock,601919,2026-06-29,35.09,"{""volatility_pct"": 46.17, ""momentum_pct"": 31.7, ""amount_pct"": 35.09, ""fund_flow_main"": {""raw"": -90999602.0, ""pct"": null}, ""margin_buy"": {""raw"": 57936673.0, ""pct"": null}, ""pe_pct"": 51.93, ""pb_pct"": 12.79}",
312,fear,stock,515450,2026-06-29,63.91,"{""volatility_pct"": 40.84, ""momentum_pct"": 13.03, ""amount_pct"": 94.96, ""fund_flow_main"": {""raw"": -9033437.0, ""pct"": null}, ""margin_buy"": {""raw"": 20578853.0, ""pct"": null}}",
313,greed,stock,515450,2026-06-29,53.99,"{""volatility_pct"": 40.84, ""momentum_pct"": 13.03, ""amount_pct"": 94.96, ""fund_flow_main"": {""raw"": -9033437.0, ""pct"": null}, ""margin_buy"": {""raw"": 20578853.0, ""pct"": null}}",
314,heat,stock,515450,2026-06-29,94.96,"{""volatility_pct"": 40.84, ""momentum_pct"": 13.03, ""amount_pct"": 94.96, ""fund_flow_main"": {""raw"": -9033437.0, ""pct"": null}, ""margin_buy"": {""raw"": 20578853.0, ""pct"": null}}",
315,fear,stock,000725,2026-06-29,34.84,"{""volatility_pct"": 98.54, ""momentum_pct"": 98.81, ""amount_pct"": 99.8, ""pe_pct"": 73.56, ""pb_pct"": 86.8}",
316,greed,stock,000725,2026-06-29,89.74,"{""volatility_pct"": 98.54, ""momentum_pct"": 98.81, ""amount_pct"": 99.8, ""pe_pct"": 73.56, ""pb_pct"": 86.8}",
317,heat,stock,000725,2026-06-29,99.8,"{""volatility_pct"": 98.54, ""momentum_pct"": 98.81, ""amount_pct"": 99.8, ""pe_pct"": 73.56, ""pb_pct"": 86.8}",
318,fear,stock,588870,2026-06-29,47.55,"{""volatility_pct"": 90.19, ""momentum_pct"": 95.09, ""amount_pct"": 89.3, ""fund_flow_main"": {""raw"": 5471347.0, ""pct"": null}}",
319,greed,stock,588870,2026-06-29,92.19,"{""volatility_pct"": 90.19, ""momentum_pct"": 95.09, ""amount_pct"": 89.3, ""fund_flow_main"": {""raw"": 5471347.0, ""pct"": null}}",
320,heat,stock,588870,2026-06-29,89.3,"{""volatility_pct"": 90.19, ""momentum_pct"": 95.09, ""amount_pct"": 89.3, ""fund_flow_main"": {""raw"": 5471347.0, ""pct"": null}}",
321,fear,sector,创业板,2026-06-29,90.03,"{""volatility_pct"": 95.96, ""momentum_pct"": 15.91, ""amount_pct"": 94.96}",
322,greed,sector,创业板,2026-06-29,55.43,"{""volatility_pct"": 95.96, ""momentum_pct"": 15.91, ""amount_pct"": 94.96}",
323,heat,sector,创业板,2026-06-29,94.96,"{""volatility_pct"": 95.96, ""momentum_pct"": 15.91, ""amount_pct"": 94.96}",
324,fear,sector,科创50,2026-06-29,49.15,"{""volatility_pct"": 95.13, ""momentum_pct"": 96.83, ""amount_pct"": 97.17}",
325,greed,sector,科创50,2026-06-29,97.0,"{""volatility_pct"": 95.13, ""momentum_pct"": 96.83, ""amount_pct"": 97.17}",
326,heat,sector,科创50,2026-06-29,97.17,"{""volatility_pct"": 95.13, ""momentum_pct"": 96.83, ""amount_pct"": 97.17}",
327,fear,market,MARKET,2026-06-30,53.37,"{""volatility_pct"": 78.62, ""momentum_pct"": 71.89, ""amount_pct"": 89.3, ""limit_chain"": {""raw"": 3, ""pct"": 17.65}, ""limit_count"": {""raw"": 140, ""pct"": 99.59}, ""margin_balance"": {""raw"": 801602446146.0, ""pct"": 63.27}}",
328,greed,market,MARKET,2026-06-30,60.53,"{""volatility_pct"": 78.62, ""momentum_pct"": 71.89, ""amount_pct"": 89.3, ""limit_chain"": {""raw"": 3, ""pct"": 17.65}, ""limit_count"": {""raw"": 140, ""pct"": 99.59}, ""margin_balance"": {""raw"": 801602446146.0, ""pct"": 63.27}}",
329,heat,market,MARKET,2026-06-30,94.44,"{""volatility_pct"": 78.62, ""momentum_pct"": 71.89, ""amount_pct"": 89.3, ""limit_chain"": {""raw"": 3, ""pct"": 17.65}, ""limit_count"": {""raw"": 140, ""pct"": 99.59}, ""margin_balance"": {""raw"": 801602446146.0, ""pct"": 63.27}}",
330,fear,stock,600519,2026-06-30,74.05,"{""volatility_pct"": 40.92, ""momentum_pct"": 44.12, ""amount_pct"": 47.54, ""margin_buy"": {""raw"": 717452159.0, ""pct"": null}, ""pe_pct"": 0.06, ""pb_pct"": 0.55}",
331,greed,stock,600519,2026-06-30,23.07,"{""volatility_pct"": 40.92, ""momentum_pct"": 44.12, ""amount_pct"": 47.54, ""margin_buy"": {""raw"": 717452159.0, ""pct"": null}, ""pe_pct"": 0.06, ""pb_pct"": 0.55}",
332,heat,stock,600519,2026-06-30,47.54,"{""volatility_pct"": 40.92, ""momentum_pct"": 44.12, ""amount_pct"": 47.54, ""margin_buy"": {""raw"": 717452159.0, ""pct"": null}, ""pe_pct"": 0.06, ""pb_pct"": 0.55}",
333,fear,stock,000858,2026-06-30,58.27,"{""volatility_pct"": 22.36, ""momentum_pct"": 47.82, ""amount_pct"": 49.02, ""pe_pct"": 41.34, ""pb_pct"": 0.12}",
334,greed,stock,000858,2026-06-30,34.58,"{""volatility_pct"": 22.36, ""momentum_pct"": 47.82, ""amount_pct"": 49.02, ""pe_pct"": 41.34, ""pb_pct"": 0.12}",
335,heat,stock,000858,2026-06-30,49.02,"{""volatility_pct"": 22.36, ""momentum_pct"": 47.82, ""amount_pct"": 49.02, ""pe_pct"": 41.34, ""pb_pct"": 0.12}",
336,fear,stock,600036,2026-06-30,76.95,"{""volatility_pct"": 30.18, ""momentum_pct"": 9.42, ""amount_pct"": 87.52, ""margin_buy"": {""raw"": 196774912.0, ""pct"": null}, ""pe_pct"": 12.09, ""pb_pct"": 0.88}",
337,greed,stock,600036,2026-06-30,27.48,"{""volatility_pct"": 30.18, ""momentum_pct"": 9.42, ""amount_pct"": 87.52, ""margin_buy"": {""raw"": 196774912.0, ""pct"": null}, ""pe_pct"": 12.09, ""pb_pct"": 0.88}",
338,heat,stock,600036,2026-06-30,87.52,"{""volatility_pct"": 30.18, ""momentum_pct"": 9.42, ""amount_pct"": 87.52, ""margin_buy"": {""raw"": 196774912.0, ""pct"": null}, ""pe_pct"": 12.09, ""pb_pct"": 0.88}",
339,fear,stock,601318,2026-06-30,92.98,"{""volatility_pct"": 88.72, ""momentum_pct"": 10.4, ""amount_pct"": 82.02, ""margin_buy"": {""raw"": 366873986.0, ""pct"": null}, ""pe_pct"": 0.14, ""pb_pct"": 6.26}",
340,greed,stock,601318,2026-06-30,24.7,"{""volatility_pct"": 88.72, ""momentum_pct"": 10.4, ""amount_pct"": 82.02, ""margin_buy"": {""raw"": 366873986.0, ""pct"": null}, ""pe_pct"": 0.14, ""pb_pct"": 6.26}",
341,heat,stock,601318,2026-06-30,82.02,"{""volatility_pct"": 88.72, ""momentum_pct"": 10.4, ""amount_pct"": 82.02, ""margin_buy"": {""raw"": 366873986.0, ""pct"": null}, ""pe_pct"": 0.14, ""pb_pct"": 6.26}",
342,fear,stock,HK00700,2026-06-30,51.73,"{""volatility_pct"": 83.28, ""momentum_pct"": 79.83, ""amount_pct"": 73.28}",
343,greed,stock,HK00700,2026-06-30,76.56,"{""volatility_pct"": 83.28, ""momentum_pct"": 79.83, ""amount_pct"": 73.28}",
344,heat,stock,HK00700,2026-06-30,73.28,"{""volatility_pct"": 83.28, ""momentum_pct"": 79.83, ""amount_pct"": 73.28}",
345,fear,stock,HK09988,2026-06-30,68.52,"{""volatility_pct"": 54.93, ""momentum_pct"": 17.9, ""amount_pct"": 61.72}",
346,greed,stock,HK09988,2026-06-30,39.81,"{""volatility_pct"": 54.93, ""momentum_pct"": 17.9, ""amount_pct"": 61.72}",
347,heat,stock,HK09988,2026-06-30,61.72,"{""volatility_pct"": 54.93, ""momentum_pct"": 17.9, ""amount_pct"": 61.72}",
348,fear,stock,510300,2026-06-30,56.64,"{""volatility_pct"": 89.72, ""momentum_pct"": 76.44, ""amount_pct"": 99.74, ""margin_buy"": {""raw"": 160224251.0, ""pct"": null}}",
349,greed,stock,510300,2026-06-30,88.09,"{""volatility_pct"": 89.72, ""momentum_pct"": 76.44, ""amount_pct"": 99.74, ""margin_buy"": {""raw"": 160224251.0, ""pct"": null}}",
350,heat,stock,510300,2026-06-30,99.74,"{""volatility_pct"": 89.72, ""momentum_pct"": 76.44, ""amount_pct"": 99.74, ""margin_buy"": {""raw"": 160224251.0, ""pct"": null}}",
351,fear,stock,510500,2026-06-30,47.46,"{""volatility_pct"": 88.05, ""momentum_pct"": 93.13, ""amount_pct"": 65.23, ""margin_buy"": {""raw"": 145163655.0, ""pct"": null}}",
352,greed,stock,510500,2026-06-30,79.18,"{""volatility_pct"": 88.05, ""momentum_pct"": 93.13, ""amount_pct"": 65.23, ""margin_buy"": {""raw"": 145163655.0, ""pct"": null}}",
353,heat,stock,510500,2026-06-30,65.23,"{""volatility_pct"": 88.05, ""momentum_pct"": 93.13, ""amount_pct"": 65.23, ""margin_buy"": {""raw"": 145163655.0, ""pct"": null}}",
354,fear,stock,002594,2026-06-30,71.74,"{""volatility_pct"": 43.26, ""momentum_pct"": 7.36, ""amount_pct"": 34.68, ""pe_pct"": 19.97, ""pb_pct"": 28.96}",
355,greed,stock,002594,2026-06-30,22.74,"{""volatility_pct"": 43.26, ""momentum_pct"": 7.36, ""amount_pct"": 34.68, ""pe_pct"": 19.97, ""pb_pct"": 28.96}",
356,heat,stock,002594,2026-06-30,34.68,"{""volatility_pct"": 43.26, ""momentum_pct"": 7.36, ""amount_pct"": 34.68, ""pe_pct"": 19.97, ""pb_pct"": 28.96}",
357,fear,stock,002714,2026-06-30,57.27,"{""volatility_pct"": 76.98, ""momentum_pct"": 89.35, ""amount_pct"": 90.38, ""pe_pct"": 58.03, ""pb_pct"": 0.51}",
358,greed,stock,002714,2026-06-30,59.57,"{""volatility_pct"": 76.98, ""momentum_pct"": 89.35, ""amount_pct"": 90.38, ""pe_pct"": 58.03, ""pb_pct"": 0.51}",
359,heat,stock,002714,2026-06-30,90.38,"{""volatility_pct"": 76.98, ""momentum_pct"": 89.35, ""amount_pct"": 90.38, ""pe_pct"": 58.03, ""pb_pct"": 0.51}",
360,fear,stock,003816,2026-06-30,54.89,"{""volatility_pct"": 71.82, ""momentum_pct"": 8.35, ""amount_pct"": 60.57, ""pe_pct"": 86.63, ""pb_pct"": 57.3}",
361,greed,stock,003816,2026-06-30,53.21,"{""volatility_pct"": 71.82, ""momentum_pct"": 8.35, ""amount_pct"": 60.57, ""pe_pct"": 86.63, ""pb_pct"": 57.3}",
362,heat,stock,003816,2026-06-30,60.57,"{""volatility_pct"": 71.82, ""momentum_pct"": 8.35, ""amount_pct"": 60.57, ""pe_pct"": 86.63, ""pb_pct"": 57.3}",
363,fear,stock,562500,2026-06-30,61.58,"{""volatility_pct"": 84.78, ""momentum_pct"": 61.63, ""amount_pct"": 83.69, ""margin_buy"": {""raw"": 48242679.0, ""pct"": null}}",
364,greed,stock,562500,2026-06-30,72.66,"{""volatility_pct"": 84.78, ""momentum_pct"": 61.63, ""amount_pct"": 83.69, ""margin_buy"": {""raw"": 48242679.0, ""pct"": null}}",
365,heat,stock,562500,2026-06-30,83.69,"{""volatility_pct"": 84.78, ""momentum_pct"": 61.63, ""amount_pct"": 83.69, ""margin_buy"": {""raw"": 48242679.0, ""pct"": null}}",
366,fear,stock,601919,2026-06-30,58.79,"{""volatility_pct"": 31.77, ""momentum_pct"": 32.69, ""amount_pct"": 30.67, ""margin_buy"": {""raw"": 71226890.0, ""pct"": null}, ""pe_pct"": 51.74, ""pb_pct"": 12.17}",
367,greed,stock,601919,2026-06-30,31.82,"{""volatility_pct"": 31.77, ""momentum_pct"": 32.69, ""amount_pct"": 30.67, ""margin_buy"": {""raw"": 71226890.0, ""pct"": null}, ""pe_pct"": 51.74, ""pb_pct"": 12.17}",
368,heat,stock,601919,2026-06-30,30.67,"{""volatility_pct"": 31.77, ""momentum_pct"": 32.69, ""amount_pct"": 30.67, ""margin_buy"": {""raw"": 71226890.0, ""pct"": null}, ""pe_pct"": 51.74, ""pb_pct"": 12.17}",
369,fear,stock,515450,2026-06-30,67.69,"{""volatility_pct"": 40.51, ""momentum_pct"": 5.14, ""amount_pct"": 89.8, ""margin_buy"": {""raw"": 12246907.0, ""pct"": null}}",
370,greed,stock,515450,2026-06-30,47.47,"{""volatility_pct"": 40.51, ""momentum_pct"": 5.14, ""amount_pct"": 89.8, ""margin_buy"": {""raw"": 12246907.0, ""pct"": null}}",
371,heat,stock,515450,2026-06-30,89.8,"{""volatility_pct"": 40.51, ""momentum_pct"": 5.14, ""amount_pct"": 89.8, ""margin_buy"": {""raw"": 12246907.0, ""pct"": null}}",
372,fear,stock,588870,2026-06-30,44.08,"{""volatility_pct"": 87.11, ""momentum_pct"": 98.96, ""amount_pct"": 80.56}",
373,greed,stock,588870,2026-06-30,89.76,"{""volatility_pct"": 87.11, ""momentum_pct"": 98.96, ""amount_pct"": 80.56}",
374,heat,stock,588870,2026-06-30,80.56,"{""volatility_pct"": 87.11, ""momentum_pct"": 98.96, ""amount_pct"": 80.56}",
375,fear,stock,000725,2026-06-30,49.42,"{""volatility_pct"": 98.63, ""momentum_pct"": 99.79, ""amount_pct"": 99.96}",
376,greed,stock,000725,2026-06-30,99.88,"{""volatility_pct"": 98.63, ""momentum_pct"": 99.79, ""amount_pct"": 99.96}",
377,heat,stock,000725,2026-06-30,99.96,"{""volatility_pct"": 98.63, ""momentum_pct"": 99.79, ""amount_pct"": 99.96}",
378,fear,stock,601899,2026-06-30,53.98,"{""volatility_pct"": 98.79, ""momentum_pct"": 5.88, ""amount_pct"": 88.57, ""margin_buy"": {""raw"": 637741708.0, ""pct"": null}, ""pe_pct"": 93.9, ""pb_pct"": 83.1}",
379,greed,stock,601899,2026-06-30,67.86,"{""volatility_pct"": 98.79, ""momentum_pct"": 5.88, ""amount_pct"": 88.57, ""margin_buy"": {""raw"": 637741708.0, ""pct"": null}, ""pe_pct"": 93.9, ""pb_pct"": 83.1}",
380,heat,stock,601899,2026-06-30,88.57,"{""volatility_pct"": 98.79, ""momentum_pct"": 5.88, ""amount_pct"": 88.57, ""margin_buy"": {""raw"": 637741708.0, ""pct"": null}, ""pe_pct"": 93.9, ""pb_pct"": 83.1}",
381,fear,stock,600900,2026-06-30,67.06,"{""volatility_pct"": 55.08, ""momentum_pct"": 20.95, ""amount_pct"": 83.43, ""margin_buy"": {""raw"": 197734138.0, ""pct"": null}}",
382,greed,stock,600900,2026-06-30,52.19,"{""volatility_pct"": 55.08, ""momentum_pct"": 20.95, ""amount_pct"": 83.43, ""margin_buy"": {""raw"": 197734138.0, ""pct"": null}}",
383,heat,stock,600900,2026-06-30,83.43,"{""volatility_pct"": 55.08, ""momentum_pct"": 20.95, ""amount_pct"": 83.43, ""margin_buy"": {""raw"": 197734138.0, ""pct"": null}}",
384,fear,stock,000625,2026-06-30,37.02,"{""volatility_pct"": 47.0, ""momentum_pct"": 41.74, ""amount_pct"": 18.8, ""pe_pct"": 78.4, ""pb_pct"": 78.8}",
385,greed,stock,000625,2026-06-30,54.44,"{""volatility_pct"": 47.0, ""momentum_pct"": 41.74, ""amount_pct"": 18.8, ""pe_pct"": 78.4, ""pb_pct"": 78.8}",
386,heat,stock,000625,2026-06-30,18.8,"{""volatility_pct"": 47.0, ""momentum_pct"": 41.74, ""amount_pct"": 18.8, ""pe_pct"": 78.4, ""pb_pct"": 78.8}",
387,fear,stock,600886,2026-06-30,63.48,"{""volatility_pct"": 39.43, ""momentum_pct"": 47.33, ""amount_pct"": 69.57, ""margin_buy"": {""raw"": 20156899.0, ""pct"": null}, ""pe_pct"": 22.1, ""pb_pct"": 16.1}",
388,greed,stock,600886,2026-06-30,38.77,"{""volatility_pct"": 39.43, ""momentum_pct"": 47.33, ""amount_pct"": 69.57, ""margin_buy"": {""raw"": 20156899.0, ""pct"": null}, ""pe_pct"": 22.1, ""pb_pct"": 16.1}",
389,heat,stock,600886,2026-06-30,69.57,"{""volatility_pct"": 39.43, ""momentum_pct"": 47.33, ""amount_pct"": 69.57, ""margin_buy"": {""raw"": 20156899.0, ""pct"": null}, ""pe_pct"": 22.1, ""pb_pct"": 16.1}",
390,fear,stock,002236,2026-06-30,30.88,"{""volatility_pct"": 40.92, ""momentum_pct"": 79.15, ""amount_pct"": 60.4}",
391,greed,stock,002236,2026-06-30,69.78,"{""volatility_pct"": 40.92, ""momentum_pct"": 79.15, ""amount_pct"": 60.4}",
392,heat,stock,002236,2026-06-30,60.4,"{""volatility_pct"": 40.92, ""momentum_pct"": 79.15, ""amount_pct"": 60.4}",
393,fear,stock,000333,2026-06-30,63.56,"{""volatility_pct"": 45.84, ""momentum_pct"": 18.71, ""amount_pct"": 97.01}",
394,greed,stock,000333,2026-06-30,57.86,"{""volatility_pct"": 45.84, ""momentum_pct"": 18.71, ""amount_pct"": 97.01}",
395,heat,stock,000333,2026-06-30,97.01,"{""volatility_pct"": 45.84, ""momentum_pct"": 18.71, ""amount_pct"": 97.01}",
396,fear,stock,002027,2026-06-30,37.93,"{""volatility_pct"": 15.7, ""momentum_pct"": 39.84, ""amount_pct"": 61.14}",
397,greed,stock,002027,2026-06-30,50.49,"{""volatility_pct"": 15.7, ""momentum_pct"": 39.84, ""amount_pct"": 61.14}",
398,heat,stock,002027,2026-06-30,61.14,"{""volatility_pct"": 15.7, ""momentum_pct"": 39.84, ""amount_pct"": 61.14}",
399,fear,stock,002371,2026-06-30,22.98,"{""volatility_pct"": 44.59, ""momentum_pct"": 98.64, ""amount_pct"": 99.55}",
400,greed,stock,002371,2026-06-30,99.09,"{""volatility_pct"": 44.59, ""momentum_pct"": 98.64, ""amount_pct"": 99.55}",
401,heat,stock,002371,2026-06-30,99.55,"{""volatility_pct"": 44.59, ""momentum_pct"": 98.64, ""amount_pct"": 99.55}",
402,fear,stock,300059,2026-06-30,82.56,"{""volatility_pct"": 93.63, ""momentum_pct"": 28.5, ""amount_pct"": 79.07}",
403,greed,stock,300059,2026-06-30,53.78,"{""volatility_pct"": 93.63, ""momentum_pct"": 28.5, ""amount_pct"": 79.07}",
404,heat,stock,300059,2026-06-30,79.07,"{""volatility_pct"": 93.63, ""momentum_pct"": 28.5, ""amount_pct"": 79.07}",
405,fear,stock,002475,2026-06-30,66.58,"{""volatility_pct"": 98.88, ""momentum_pct"": 58.51, ""amount_pct"": 98.24, ""pe_pct"": 22.63, ""pb_pct"": 51.43}",
406,greed,stock,002475,2026-06-30,57.7,"{""volatility_pct"": 98.88, ""momentum_pct"": 58.51, ""amount_pct"": 98.24, ""pe_pct"": 22.63, ""pb_pct"": 51.43}",
407,heat,stock,002475,2026-06-30,98.24,"{""volatility_pct"": 98.88, ""momentum_pct"": 58.51, ""amount_pct"": 98.24, ""pe_pct"": 22.63, ""pb_pct"": 51.43}",
408,fear,stock,300502,2026-06-30,50.0,"{""volatility_pct"": 79.73, ""momentum_pct"": 79.73, ""amount_pct"": 99.47}",
409,greed,stock,300502,2026-06-30,89.6,"{""volatility_pct"": 79.73, ""momentum_pct"": 79.73, ""amount_pct"": 99.47}",
410,heat,stock,300502,2026-06-30,99.47,"{""volatility_pct"": 79.73, ""momentum_pct"": 79.73, ""amount_pct"": 99.47}",
411,fear,stock,300308,2026-06-30,71.51,"{""volatility_pct"": 74.06, ""momentum_pct"": 31.04, ""amount_pct"": 98.89}",
412,greed,stock,300308,2026-06-30,64.97,"{""volatility_pct"": 74.06, ""momentum_pct"": 31.04, ""amount_pct"": 98.89}",
413,heat,stock,300308,2026-06-30,98.89,"{""volatility_pct"": 74.06, ""momentum_pct"": 31.04, ""amount_pct"": 98.89}",
414,fear,stock,300750,2026-06-30,56.68,"{""volatility_pct"": 62.74, ""momentum_pct"": 49.38, ""amount_pct"": 83.99}",
415,greed,stock,300750,2026-06-30,66.69,"{""volatility_pct"": 62.74, ""momentum_pct"": 49.38, ""amount_pct"": 83.99}",
416,heat,stock,300750,2026-06-30,83.99,"{""volatility_pct"": 62.74, ""momentum_pct"": 49.38, ""amount_pct"": 83.99}",
417,fear,stock,600030,2026-06-30,60.94,"{""volatility_pct"": 90.59, ""momentum_pct"": 68.72, ""amount_pct"": 92.3, ""margin_buy"": {""raw"": 567884691.0, ""pct"": null}}",
418,greed,stock,600030,2026-06-30,80.51,"{""volatility_pct"": 90.59, ""momentum_pct"": 68.72, ""amount_pct"": 92.3, ""margin_buy"": {""raw"": 567884691.0, ""pct"": null}}",
419,heat,stock,600030,2026-06-30,92.3,"{""volatility_pct"": 90.59, ""momentum_pct"": 68.72, ""amount_pct"": 92.3, ""margin_buy"": {""raw"": 567884691.0, ""pct"": null}}",
420,fear,stock,300760,2026-06-30,63.34,"{""volatility_pct"": 55.0, ""momentum_pct"": 28.33, ""amount_pct"": 51.31}",
421,greed,stock,300760,2026-06-30,39.82,"{""volatility_pct"": 55.0, ""momentum_pct"": 28.33, ""amount_pct"": 51.31}",
422,heat,stock,300760,2026-06-30,51.31,"{""volatility_pct"": 55.0, ""momentum_pct"": 28.33, ""amount_pct"": 51.31}",
423,fear,stock,600276,2026-06-30,27.97,"{""volatility_pct"": 80.39, ""momentum_pct"": 91.32, ""amount_pct"": 97.91, ""margin_buy"": {""raw"": 692248536.0, ""pct"": null}, ""pe_pct"": 88.7, ""pb_pct"": 88.5}",
424,greed,stock,600276,2026-06-30,91.61,"{""volatility_pct"": 80.39, ""momentum_pct"": 91.32, ""amount_pct"": 97.91, ""margin_buy"": {""raw"": 692248536.0, ""pct"": null}, ""pe_pct"": 88.7, ""pb_pct"": 88.5}",
425,heat,stock,600276,2026-06-30,97.91,"{""volatility_pct"": 80.39, ""momentum_pct"": 91.32, ""amount_pct"": 97.91, ""margin_buy"": {""raw"": 692248536.0, ""pct"": null}, ""pe_pct"": 88.7, ""pb_pct"": 88.5}",
426,fear,stock,600309,2026-06-30,95.42,"{""volatility_pct"": 97.54, ""momentum_pct"": 6.7, ""amount_pct"": 97.09, ""margin_buy"": {""raw"": 167167199.0, ""pct"": null}}",
427,greed,stock,600309,2026-06-30,51.9,"{""volatility_pct"": 97.54, ""momentum_pct"": 6.7, ""amount_pct"": 97.09, ""margin_buy"": {""raw"": 167167199.0, ""pct"": null}}",
428,heat,stock,600309,2026-06-30,97.09,"{""volatility_pct"": 97.54, ""momentum_pct"": 6.7, ""amount_pct"": 97.09, ""margin_buy"": {""raw"": 167167199.0, ""pct"": null}}",
429,fear,stock,600760,2026-06-30,53.93,"{""volatility_pct"": 64.4, ""momentum_pct"": 56.54, ""amount_pct"": 54.34, ""margin_buy"": {""raw"": 86682425.0, ""pct"": null}}",
430,greed,stock,600760,2026-06-30,55.44,"{""volatility_pct"": 64.4, ""momentum_pct"": 56.54, ""amount_pct"": 54.34, ""margin_buy"": {""raw"": 86682425.0, ""pct"": null}}",
431,heat,stock,600760,2026-06-30,54.34,"{""volatility_pct"": 64.4, ""momentum_pct"": 56.54, ""amount_pct"": 54.34, ""margin_buy"": {""raw"": 86682425.0, ""pct"": null}}",
432,fear,stock,600887,2026-06-30,52.72,"{""volatility_pct"": 33.76, ""momentum_pct"": 28.33, ""amount_pct"": 66.54, ""margin_buy"": {""raw"": 97537396.0, ""pct"": null}}",
433,greed,stock,600887,2026-06-30,47.44,"{""volatility_pct"": 33.76, ""momentum_pct"": 28.33, ""amount_pct"": 66.54, ""margin_buy"": {""raw"": 97537396.0, ""pct"": null}}",
434,heat,stock,600887,2026-06-30,66.54,"{""volatility_pct"": 33.76, ""momentum_pct"": 28.33, ""amount_pct"": 66.54, ""margin_buy"": {""raw"": 97537396.0, ""pct"": null}}",
435,fear,stock,600941,2026-06-30,32.06,"{""volatility_pct"": 23.36, ""momentum_pct"": 5.7, ""amount_pct"": 31.96, ""margin_buy"": {""raw"": 45346890.0, ""pct"": null}, ""pe_pct"": 97.9, ""pb_pct"": 91.5}",
436,greed,stock,600941,2026-06-30,56.77,"{""volatility_pct"": 23.36, ""momentum_pct"": 5.7, ""amount_pct"": 31.96, ""margin_buy"": {""raw"": 45346890.0, ""pct"": null}, ""pe_pct"": 97.9, ""pb_pct"": 91.5}",
437,heat,stock,600941,2026-06-30,31.96,"{""volatility_pct"": 23.36, ""momentum_pct"": 5.7, ""amount_pct"": 31.96, ""margin_buy"": {""raw"": 45346890.0, ""pct"": null}, ""pe_pct"": 97.9, ""pb_pct"": 91.5}",
438,fear,stock,601012,2026-06-30,49.48,"{""volatility_pct"": 81.06, ""momentum_pct"": 82.11, ""amount_pct"": 35.34, ""margin_buy"": {""raw"": 130993513.0, ""pct"": null}}",
439,greed,stock,601012,2026-06-30,58.73,"{""volatility_pct"": 81.06, ""momentum_pct"": 82.11, ""amount_pct"": 35.34, ""margin_buy"": {""raw"": 130993513.0, ""pct"": null}}",
440,heat,stock,601012,2026-06-30,35.34,"{""volatility_pct"": 81.06, ""momentum_pct"": 82.11, ""amount_pct"": 35.34, ""margin_buy"": {""raw"": 130993513.0, ""pct"": null}}",
441,fear,stock,601138,2026-06-30,76.24,"{""volatility_pct"": 84.22, ""momentum_pct"": 31.74, ""amount_pct"": 91.28, ""margin_buy"": {""raw"": 1044379905.0, ""pct"": null}}",
442,greed,stock,601138,2026-06-30,61.51,"{""volatility_pct"": 84.22, ""momentum_pct"": 31.74, ""amount_pct"": 91.28, ""margin_buy"": {""raw"": 1044379905.0, ""pct"": null}}",
443,heat,stock,601138,2026-06-30,91.28,"{""volatility_pct"": 84.22, ""momentum_pct"": 31.74, ""amount_pct"": 91.28, ""margin_buy"": {""raw"": 1044379905.0, ""pct"": null}}",
444,fear,stock,601225,2026-06-30,73.1,"{""volatility_pct"": 58.49, ""momentum_pct"": 12.29, ""amount_pct"": 78.34, ""margin_buy"": {""raw"": 42583192.0, ""pct"": null}}",
445,greed,stock,601225,2026-06-30,45.31,"{""volatility_pct"": 58.49, ""momentum_pct"": 12.29, ""amount_pct"": 78.34, ""margin_buy"": {""raw"": 42583192.0, ""pct"": null}}",
446,heat,stock,601225,2026-06-30,78.34,"{""volatility_pct"": 58.49, ""momentum_pct"": 12.29, ""amount_pct"": 78.34, ""margin_buy"": {""raw"": 42583192.0, ""pct"": null}}",
447,fear,stock,601166,2026-06-30,79.08,"{""volatility_pct"": 61.82, ""momentum_pct"": 3.66, ""amount_pct"": 64.66, ""margin_buy"": {""raw"": 134133407.0, ""pct"": null}}",
448,greed,stock,601166,2026-06-30,34.16,"{""volatility_pct"": 61.82, ""momentum_pct"": 3.66, ""amount_pct"": 64.66, ""margin_buy"": {""raw"": 134133407.0, ""pct"": null}}",
449,heat,stock,601166,2026-06-30,64.66,"{""volatility_pct"": 61.82, ""momentum_pct"": 3.66, ""amount_pct"": 64.66, ""margin_buy"": {""raw"": 134133407.0, ""pct"": null}}",
450,fear,stock,601857,2026-06-30,71.0,"{""volatility_pct"": 52.58, ""momentum_pct"": 10.57, ""amount_pct"": 69.74, ""margin_buy"": {""raw"": 63739996.0, ""pct"": null}}",
451,greed,stock,601857,2026-06-30,40.16,"{""volatility_pct"": 52.58, ""momentum_pct"": 10.57, ""amount_pct"": 69.74, ""margin_buy"": {""raw"": 63739996.0, ""pct"": null}}",
452,heat,stock,601857,2026-06-30,69.74,"{""volatility_pct"": 52.58, ""momentum_pct"": 10.57, ""amount_pct"": 69.74, ""margin_buy"": {""raw"": 63739996.0, ""pct"": null}}",
453,fear,stock,601816,2026-06-30,75.09,"{""volatility_pct"": 67.9, ""momentum_pct"": 17.72, ""amount_pct"": 88.49, ""margin_buy"": {""raw"": 72256779.0, ""pct"": null}}",
454,greed,stock,601816,2026-06-30,53.1,"{""volatility_pct"": 67.9, ""momentum_pct"": 17.72, ""amount_pct"": 88.49, ""margin_buy"": {""raw"": 72256779.0, ""pct"": null}}",
455,heat,stock,601816,2026-06-30,88.49,"{""volatility_pct"": 67.9, ""momentum_pct"": 17.72, ""amount_pct"": 88.49, ""margin_buy"": {""raw"": 72256779.0, ""pct"": null}}",
456,fear,stock,603288,2026-06-30,69.56,"{""volatility_pct"": 73.73, ""momentum_pct"": 25.29, ""amount_pct"": 89.8, ""margin_buy"": {""raw"": 63491243.0, ""pct"": null}, ""pe_pct"": 15.3, ""pb_pct"": 54.9}",
457,greed,stock,603288,2026-06-30,46.32,"{""volatility_pct"": 73.73, ""momentum_pct"": 25.29, ""amount_pct"": 89.8, ""margin_buy"": {""raw"": 63491243.0, ""pct"": null}, ""pe_pct"": 15.3, ""pb_pct"": 54.9}",
458,heat,stock,603288,2026-06-30,89.8,"{""volatility_pct"": 73.73, ""momentum_pct"": 25.29, ""amount_pct"": 89.8, ""margin_buy"": {""raw"": 63491243.0, ""pct"": null}, ""pe_pct"": 15.3, ""pb_pct"": 54.9}",
459,fear,stock,603501,2026-06-30,49.29,"{""volatility_pct"": 91.47, ""momentum_pct"": 92.89, ""amount_pct"": 93.33, ""margin_buy"": {""raw"": 305448692.0, ""pct"": null}}",
460,greed,stock,603501,2026-06-30,93.11,"{""volatility_pct"": 91.47, ""momentum_pct"": 92.89, ""amount_pct"": 93.33, ""margin_buy"": {""raw"": 305448692.0, ""pct"": null}}",
461,heat,stock,603501,2026-06-30,93.33,"{""volatility_pct"": 91.47, ""momentum_pct"": 92.89, ""amount_pct"": 93.33, ""margin_buy"": {""raw"": 305448692.0, ""pct"": null}}",
462,fear,stock,601088,2026-06-30,73.22,"{""volatility_pct"": 61.17, ""momentum_pct"": 14.72, ""amount_pct"": 85.59, ""margin_buy"": {""raw"": 77749000.0, ""pct"": null}}",
463,greed,stock,601088,2026-06-30,50.16,"{""volatility_pct"": 61.17, ""momentum_pct"": 14.72, ""amount_pct"": 85.59, ""margin_buy"": {""raw"": 77749000.0, ""pct"": null}}",
464,heat,stock,601088,2026-06-30,85.59,"{""volatility_pct"": 61.17, ""momentum_pct"": 14.72, ""amount_pct"": 85.59, ""margin_buy"": {""raw"": 77749000.0, ""pct"": null}}",
465,fear,stock,688041,2026-06-30,34.7,"{""volatility_pct"": 64.59, ""momentum_pct"": 95.18, ""amount_pct"": 97.79, ""margin_buy"": {""raw"": 1509816338.0, ""pct"": null}}",
466,greed,stock,688041,2026-06-30,96.49,"{""volatility_pct"": 64.59, ""momentum_pct"": 95.18, ""amount_pct"": 97.79, ""margin_buy"": {""raw"": 1509816338.0, ""pct"": null}}",
467,heat,stock,688041,2026-06-30,97.79,"{""volatility_pct"": 64.59, ""momentum_pct"": 95.18, ""amount_pct"": 97.79, ""margin_buy"": {""raw"": 1509816338.0, ""pct"": null}}",
468,fear,stock,688111,2026-06-30,60.2,"{""volatility_pct"": 67.49, ""momentum_pct"": 47.08, ""amount_pct"": 75.72, ""margin_buy"": {""raw"": 259804678.0, ""pct"": null}}",
469,greed,stock,688111,2026-06-30,61.4,"{""volatility_pct"": 67.49, ""momentum_pct"": 47.08, ""amount_pct"": 75.72, ""margin_buy"": {""raw"": 259804678.0, ""pct"": null}}",
470,heat,stock,688111,2026-06-30,75.72,"{""volatility_pct"": 67.49, ""momentum_pct"": 47.08, ""amount_pct"": 75.72, ""margin_buy"": {""raw"": 259804678.0, ""pct"": null}}",
471,fear,stock,688981,2026-06-30,22.89,"{""volatility_pct"": 87.15, ""momentum_pct"": 95.91, ""amount_pct"": 97.49, ""margin_buy"": {""raw"": 2163351528.0, ""pct"": null}, ""pe_pct"": 99.84, ""pb_pct"": 99.84}",
472,greed,stock,688981,2026-06-30,98.27,"{""volatility_pct"": 87.15, ""momentum_pct"": 95.91, ""amount_pct"": 97.49, ""margin_buy"": {""raw"": 2163351528.0, ""pct"": null}, ""pe_pct"": 99.84, ""pb_pct"": 99.84}",
473,heat,stock,688981,2026-06-30,97.49,"{""volatility_pct"": 87.15, ""momentum_pct"": 95.91, ""amount_pct"": 97.49, ""margin_buy"": {""raw"": 2163351528.0, ""pct"": null}, ""pe_pct"": 99.84, ""pb_pct"": 99.84}",
474,fear,stock,002415,2026-06-30,46.89,"{""volatility_pct"": 90.38, ""momentum_pct"": 96.59, ""amount_pct"": 97.26}",
475,greed,stock,002415,2026-06-30,96.93,"{""volatility_pct"": 90.38, ""momentum_pct"": 96.59, ""amount_pct"": 97.26}",
476,heat,stock,002415,2026-06-30,97.26,"{""volatility_pct"": 90.38, ""momentum_pct"": 96.59, ""amount_pct"": 97.26}",
477,fear,stock,512710,2026-06-30,41.68,"{""volatility_pct"": 64.15, ""momentum_pct"": 80.8, ""amount_pct"": 80.22, ""margin_buy"": {""raw"": 21239205.0, ""pct"": null}}",
478,greed,stock,512710,2026-06-30,80.51,"{""volatility_pct"": 64.15, ""momentum_pct"": 80.8, ""amount_pct"": 80.22, ""margin_buy"": {""raw"": 21239205.0, ""pct"": null}}",
479,heat,stock,512710,2026-06-30,80.22,"{""volatility_pct"": 64.15, ""momentum_pct"": 80.8, ""amount_pct"": 80.22, ""margin_buy"": {""raw"": 21239205.0, ""pct"": null}}",
480,fear,stock,au9999,2026-06-30,91.85,"{""volatility_pct"": 91.97, ""momentum_pct"": 8.26, ""amount_pct"": 41.37}",
481,greed,stock,au9999,2026-06-30,24.81,"{""volatility_pct"": 91.97, ""momentum_pct"": 8.26, ""amount_pct"": 41.37}",
482,heat,stock,au9999,2026-06-30,41.37,"{""volatility_pct"": 91.97, ""momentum_pct"": 8.26, ""amount_pct"": 41.37}",
483,fear,stock,601127,2026-06-30,41.57,"{""volatility_pct"": 19.86, ""momentum_pct"": 36.72, ""amount_pct"": 28.46, ""margin_buy"": {""raw"": 184045256.0, ""pct"": null}}",
484,greed,stock,601127,2026-06-30,32.59,"{""volatility_pct"": 19.86, ""momentum_pct"": 36.72, ""amount_pct"": 28.46, ""margin_buy"": {""raw"": 184045256.0, ""pct"": null}}",
485,heat,stock,601127,2026-06-30,28.46,"{""volatility_pct"": 19.86, ""momentum_pct"": 36.72, ""amount_pct"": 28.46, ""margin_buy"": {""raw"": 184045256.0, ""pct"": null}}",
486,fear,stock,HK01810,2026-06-30,54.0,"{""volatility_pct"": 30.69, ""momentum_pct"": 22.69, ""amount_pct"": 60.19}",
487,greed,stock,HK01810,2026-06-30,41.44,"{""volatility_pct"": 30.69, ""momentum_pct"": 22.69, ""amount_pct"": 60.19}",
488,heat,stock,HK01810,2026-06-30,60.19,"{""volatility_pct"": 30.69, ""momentum_pct"": 22.69, ""amount_pct"": 60.19}",
489,fear,sector,沪深300,2026-06-30,56.64,"{""volatility_pct"": 89.72, ""momentum_pct"": 76.44, ""amount_pct"": 99.74}",
490,greed,sector,沪深300,2026-06-30,88.09,"{""volatility_pct"": 89.72, ""momentum_pct"": 76.44, ""amount_pct"": 99.74}",
491,heat,sector,沪深300,2026-06-30,99.74,"{""volatility_pct"": 89.72, ""momentum_pct"": 76.44, ""amount_pct"": 99.74}",
492,fear,sector,中证500,2026-06-30,47.46,"{""volatility_pct"": 88.05, ""momentum_pct"": 93.13, ""amount_pct"": 65.23}",
493,greed,sector,中证500,2026-06-30,79.18,"{""volatility_pct"": 88.05, ""momentum_pct"": 93.13, ""amount_pct"": 65.23}",
494,heat,sector,中证500,2026-06-30,65.23,"{""volatility_pct"": 88.05, ""momentum_pct"": 93.13, ""amount_pct"": 65.23}",
495,fear,sector,创业板,2026-06-30,55.49,"{""volatility_pct"": 96.04, ""momentum_pct"": 85.07, ""amount_pct"": 88.0}",
496,greed,sector,创业板,2026-06-30,86.53,"{""volatility_pct"": 96.04, ""momentum_pct"": 85.07, ""amount_pct"": 88.0}",
497,heat,sector,创业板,2026-06-30,88.0,"{""volatility_pct"": 96.04, ""momentum_pct"": 85.07, ""amount_pct"": 88.0}",
498,fear,sector,科创50,2026-06-30,47.66,"{""volatility_pct"": 94.63, ""momentum_pct"": 99.3, ""amount_pct"": 94.8}",
499,greed,sector,科创50,2026-06-30,97.05,"{""volatility_pct"": 94.63, ""momentum_pct"": 99.3, ""amount_pct"": 94.8}",
500,heat,sector,科创50,2026-06-30,94.8,"{""volatility_pct"": 94.63, ""momentum_pct"": 99.3, ""amount_pct"": 94.8}",
501,fear,sector,银行,2026-06-30,92.26,"{""volatility_pct"": 85.14, ""momentum_pct"": 0.62, ""amount_pct"": 97.17, ""sector_flow"": {""raw"": -50.19, ""pct"": null}, ""sector_amount"": 85.37}",
502,greed,sector,银行,2026-06-30,48.9,"{""volatility_pct"": 85.14, ""momentum_pct"": 0.62, ""amount_pct"": 97.17, ""sector_flow"": {""raw"": -50.19, ""pct"": null}, ""sector_amount"": 85.37}",
503,heat,sector,银行,2026-06-30,91.27,"{""volatility_pct"": 85.14, ""momentum_pct"": 0.62, ""amount_pct"": 97.17, ""sector_flow"": {""raw"": -50.19, ""pct"": null}, ""sector_amount"": 85.37}",
504,fear,sector,白酒,2026-06-30,48.25,"{""volatility_pct"": 37.51, ""momentum_pct"": 41.0, ""amount_pct"": 68.18, ""sector_flow"": {""raw"": -7.36, ""pct"": null}, ""sector_amount"": 63.73}",
505,greed,sector,白酒,2026-06-30,54.59,"{""volatility_pct"": 37.51, ""momentum_pct"": 41.0, ""amount_pct"": 68.18, ""sector_flow"": {""raw"": -7.36, ""pct"": null}, ""sector_amount"": 63.73}",
506,heat,sector,白酒,2026-06-30,65.95,"{""volatility_pct"": 37.51, ""momentum_pct"": 41.0, ""amount_pct"": 68.18, ""sector_flow"": {""raw"": -7.36, ""pct"": null}, ""sector_amount"": 63.73}",
507,fear,sector,半导体,2026-06-30,47.62,"{""volatility_pct"": 94.71, ""momentum_pct"": 99.47, ""amount_pct"": 95.37, ""sector_flow"": {""raw"": 289.55, ""pct"": null}, ""sector_amount"": 99.96}",
508,greed,sector,半导体,2026-06-30,97.42,"{""volatility_pct"": 94.71, ""momentum_pct"": 99.47, ""amount_pct"": 95.37, ""sector_flow"": {""raw"": 289.55, ""pct"": null}, ""sector_amount"": 99.96}",
509,heat,sector,半导体,2026-06-30,97.66,"{""volatility_pct"": 94.71, ""momentum_pct"": 99.47, ""amount_pct"": 95.37, ""sector_flow"": {""raw"": 289.55, ""pct"": null}, ""sector_amount"": 99.96}",
510,fear,sector,医药,2026-06-30,45.22,"{""volatility_pct"": 85.62, ""momentum_pct"": 95.19, ""amount_pct"": 74.14, ""sector_flow"": {""raw"": -14.51, ""pct"": null}, ""sector_amount"": 98.73}",
511,greed,sector,医药,2026-06-30,84.66,"{""volatility_pct"": 85.62, ""momentum_pct"": 95.19, ""amount_pct"": 74.14, ""sector_flow"": {""raw"": -14.51, ""pct"": null}, ""sector_amount"": 98.73}",
512,heat,sector,医药,2026-06-30,86.44,"{""volatility_pct"": 85.62, ""momentum_pct"": 95.19, ""amount_pct"": 74.14, ""sector_flow"": {""raw"": -14.51, ""pct"": null}, ""sector_amount"": 98.73}",
513,fear,sector,新能源车,2026-06-30,73.75,"{""volatility_pct"": 83.97, ""momentum_pct"": 36.47, ""amount_pct"": 35.67, ""sector_flow"": {""raw"": -6.82, ""pct"": null}, ""sector_amount"": 43.48}",
514,greed,sector,新能源车,2026-06-30,36.07,"{""volatility_pct"": 83.97, ""momentum_pct"": 36.47, ""amount_pct"": 35.67, ""sector_flow"": {""raw"": -6.82, ""pct"": null}, ""sector_amount"": 43.48}",
515,heat,sector,新能源车,2026-06-30,39.58,"{""volatility_pct"": 83.97, ""momentum_pct"": 36.47, ""amount_pct"": 35.67, ""sector_flow"": {""raw"": -6.82, ""pct"": null}, ""sector_amount"": 43.48}",
